"Day","Month","Rainfall","Year"
1,"Jan",0,2012
2,"Jan",0,2012
3,"Jan",0,2012
4,"Jan",0.01,2012
5,"Jan",0.8,2012
6,"Jan",0.5,2012
7,"Jan",0,2012
8,"Jan",0,2012
9,"Jan",0,2012
10,"Jan",0,2012
11,"Jan",0.4,2012
12,"Jan",0.9,2012
13,"Jan",2.3,2012
14,"Jan",0.6,2012
15,"Jan",19.1,2012
16,"Jan",8.7,2012
17,"Jan",0,2012
18,"Jan",0,2012
19,"Jan",0,2012
20,"Jan",0,2012
21,"Jan",0.01,2012
22,"Jan",0.01,2012
23,"Jan",1.3,2012
24,"Jan",4.5,2012
25,"Jan",2.2,2012
26,"Jan",0.8,2012
27,"Jan",0,2012
28,"Jan",0,2012
29,"Jan",0,2012
30,"Jan",0,2012
31,"Jan",0,2012
1,"Feb",0,2012
2,"Feb",0.01,2012
3,"Feb",0.01,2012
4,"Feb",0.01,2012
5,"Feb",0.1,2012
6,"Feb",0.4,2012
7,"Feb",3.1,2012
8,"Feb",0.7,2012
9,"Feb",0.01,2012
10,"Feb",0.01,2012
11,"Feb",0,2012
12,"Feb",0.01,2012
13,"Feb",0.01,2012
14,"Feb",0.3,2012
15,"Feb",0.01,2012
16,"Feb",0.01,2012
17,"Feb",0.01,2012
18,"Feb",0,2012
19,"Feb",0,2012
20,"Feb",0,2012
21,"Feb",1.7,2012
22,"Feb",1.3,2012
23,"Feb",2.9,2012
24,"Feb",0.5,2012
25,"Feb",0.01,2012
26,"Feb",0.01,2012
27,"Feb",0.01,2012
28,"Feb",18,2012
29,"Feb",0.5,2012
1,"Mar",0.01,2012
2,"Mar",0,2012
3,"Mar",0.2,2012
4,"Mar",0.5,2012
5,"Mar",0.01,2012
6,"Mar",0.3,2012
7,"Mar",0.01,2012
8,"Mar",3.3,2012
9,"Mar",0.2,2012
10,"Mar",0.01,2012
11,"Mar",8.4,2012
12,"Mar",6.6,2012
13,"Mar",1.7,2012
14,"Mar",0.01,2012
15,"Mar",0.6,2012
16,"Mar",0.2,2012
17,"Mar",0.01,2012
18,"Mar",0,2012
19,"Mar",0.01,2012
20,"Mar",0.01,2012
21,"Mar",0.01,2012
22,"Mar",0.01,2012
23,"Mar",0,2012
24,"Mar",0.1,2012
25,"Mar",0,2012
26,"Mar",0,2012
27,"Mar",0,2012
28,"Mar",0,2012
29,"Mar",0,2012
30,"Mar",0,2012
31,"Mar",0.01,2012
1,"Apr",0,2012
2,"Apr",0,2012
3,"Apr",0,2012
4,"Apr",0,2012
5,"Apr",48.5,2012
6,"Apr",10.9,2012
7,"Apr",0,2012
8,"Apr",0.3,2012
9,"Apr",28.9,2012
10,"Apr",0,2012
11,"Apr",0,2012
12,"Apr",0,2012
13,"Apr",0.01,2012
14,"Apr",0.01,2012
15,"Apr",0.01,2012
16,"Apr",11.8,2012
17,"Apr",16.6,2012
18,"Apr",0.01,2012
19,"Apr",28.2,2012
20,"Apr",66.2,2012
21,"Apr",0,2012
22,"Apr",0,2012
23,"Apr",0.3,2012
24,"Apr",0.01,2012
25,"Apr",4.8,2012
26,"Apr",0.01,2012
27,"Apr",34.5,2012
28,"Apr",22.2,2012
29,"Apr",21.2,2012
30,"Apr",0.5,2012
1,"May",0.01,2012
2,"May",0.4,2012
3,"May",0.01,2012
4,"May",35.7,2012
5,"May",3.4,2012
6,"May",0,2012
7,"May",0,2012
8,"May",0,2012
9,"May",0,2012
10,"May",6.1,2012
11,"May",1.4,2012
12,"May",0.1,2012
13,"May",4.6,2012
14,"May",1.9,2012
15,"May",22.1,2012
16,"May",14.4,2012
17,"May",2,2012
18,"May",83.8,2012
19,"May",7.4,2012
20,"May",49.6,2012
21,"May",0.01,2012
22,"May",0.01,2012
23,"May",0,2012
24,"May",0.01,2012
25,"May",0.01,2012
26,"May",28.4,2012
27,"May",5.8,2012
28,"May",10.5,2012
29,"May",0.1,2012
30,"May",0.01,2012
31,"May",0.01,2012
1,"Jun",0,2012
2,"Jun",8.6,2012
3,"Jun",0.01,2012
4,"Jun",0.01,2012
5,"Jun",0,2012
6,"Jun",0,2012
7,"Jun",0.01,2012
8,"Jun",0,2012
9,"Jun",1.5,2012
10,"Jun",26.8,2012
11,"Jun",0.2,2012
12,"Jun",2.8,2012
13,"Jun",22.5,2012
14,"Jun",0.01,2012
15,"Jun",0.01,2012
16,"Jun",60.3,2012
17,"Jun",24.6,2012
18,"Jun",17.7,2012
19,"Jun",1.4,2012
20,"Jun",0,2012
21,"Jun",31.2,2012
22,"Jun",16,2012
23,"Jun",0.01,2012
24,"Jun",4.9,2012
25,"Jun",0.2,2012
26,"Jun",0.8,2012
27,"Jun",0.01,2012
28,"Jun",0,2012
29,"Jun",3.9,2012
30,"Jun",38.1,2012
1,"Jul",4.3,2012
2,"Jul",0.01,2012
3,"Jul",0,2012
4,"Jul",0,2012
5,"Jul",22,2012
6,"Jul",0.8,2012
7,"Jul",2.7,2012
8,"Jul",0.4,2012
9,"Jul",0.01,2012
10,"Jul",0.01,2012
11,"Jul",0.01,2012
12,"Jul",1.3,2012
13,"Jul",9,2012
14,"Jul",7,2012
15,"Jul",2.1,2012
16,"Jul",18.4,2012
17,"Jul",1,2012
18,"Jul",34.3,2012
19,"Jul",0.01,2012
20,"Jul",4.2,2012
21,"Jul",2.2,2012
22,"Jul",1,2012
23,"Jul",112,2012
24,"Jul",99.5,2012
25,"Jul",82.3,2012
26,"Jul",28.1,2012
27,"Jul",25.7,2012
28,"Jul",0.01,2012
29,"Jul",0,2012
30,"Jul",0,2012
31,"Jul",9.5,2012
1,"Aug",0.2,2012
2,"Aug",0,2012
3,"Aug",0.01,2012
4,"Aug",0.4,2012
5,"Aug",6.8,2012
6,"Aug",2.8,2012
7,"Aug",0.01,2012
8,"Aug",0,2012
9,"Aug",0,2012
10,"Aug",7.7,2012
11,"Aug",64.7,2012
12,"Aug",12.4,2012
13,"Aug",9.5,2012
14,"Aug",1.9,2012
15,"Aug",0,2012
16,"Aug",15.4,2012
17,"Aug",0.01,2012
18,"Aug",0.1,2012
19,"Aug",0,2012
20,"Aug",0,2012
21,"Aug",0.01,2012
22,"Aug",5.1,2012
23,"Aug",0,2012
24,"Aug",0,2012
25,"Aug",0.01,2012
26,"Aug",0,2012
27,"Aug",0,2012
28,"Aug",0,2012
29,"Aug",2.4,2012
30,"Aug",0.01,2012
31,"Aug",20.4,2012
1,"Sep",11.1,2012
2,"Sep",6.7,2012
3,"Sep",0.01,2012
4,"Sep",7.6,2012
5,"Sep",0.5,2012
6,"Sep",2.3,2012
7,"Sep",4.7,2012
8,"Sep",8,2012
9,"Sep",0.01,2012
10,"Sep",0,2012
11,"Sep",0.01,2012
12,"Sep",0.01,2012
13,"Sep",0.7,2012
14,"Sep",0,2012
15,"Sep",0.01,2012
16,"Sep",0,2012
17,"Sep",0,2012
18,"Sep",0,2012
19,"Sep",0,2012
20,"Sep",1.8,2012
21,"Sep",1.2,2012
22,"Sep",23,2012
23,"Sep",0.9,2012
24,"Sep",121.5,2012
25,"Sep",22.6,2012
26,"Sep",0.4,2012
27,"Sep",0.01,2012
28,"Sep",0,2012
29,"Sep",0,2012
30,"Sep",0.01,2012
1,"Oct",0.01,2012
2,"Oct",0,2012
3,"Oct",0,2012
4,"Oct",0,2012
5,"Oct",0.1,2012
6,"Oct",0.01,2012
7,"Oct",0.01,2012
8,"Oct",0,2012
9,"Oct",0,2012
10,"Oct",0,2012
11,"Oct",0,2012
12,"Oct",0,2012
13,"Oct",0,2012
14,"Oct",0,2012
15,"Oct",0,2012
16,"Oct",0.01,2012
17,"Oct",0,2012
18,"Oct",0,2012
19,"Oct",0.01,2012
20,"Oct",0.01,2012
21,"Oct",0,2012
22,"Oct",0,2012
23,"Oct",0.01,2012
24,"Oct",0,2012
25,"Oct",0,2012
26,"Oct",0.7,2012
27,"Oct",0.8,2012
28,"Oct",0,2012
29,"Oct",0.4,2012
30,"Oct",33.3,2012
31,"Oct",11.1,2012
1,"Nov",0,2012
2,"Nov",0,2012
3,"Nov",0.01,2012
4,"Nov",0,2012
5,"Nov",0,2012
6,"Nov",0,2012
7,"Nov",0,2012
8,"Nov",1.9,2012
9,"Nov",0.01,2012
10,"Nov",0,2012
11,"Nov",0.3,2012
12,"Nov",0,2012
13,"Nov",0,2012
14,"Nov",0,2012
15,"Nov",0.01,2012
16,"Nov",0.01,2012
17,"Nov",3,2012
18,"Nov",0.1,2012
19,"Nov",0,2012
20,"Nov",0.3,2012
21,"Nov",3,2012
22,"Nov",0.4,2012
23,"Nov",17.7,2012
24,"Nov",0.01,2012
25,"Nov",11.5,2012
26,"Nov",0.6,2012
27,"Nov",19.5,2012
28,"Nov",1.1,2012
29,"Nov",2.6,2012
30,"Nov",1.9,2012
1,"Dec",0.3,2012
2,"Dec",3.2,2012
3,"Dec",10.9,2012
4,"Dec",8.7,2012
5,"Dec",6.5,2012
6,"Dec",0,2012
7,"Dec",0.01,2012
8,"Dec",0.9,2012
9,"Dec",0,2012
10,"Dec",0,2012
11,"Dec",0,2012
12,"Dec",0,2012
13,"Dec",0,2012
14,"Dec",0,2012
15,"Dec",0,2012
16,"Dec",0,2012
17,"Dec",0,2012
18,"Dec",2.3,2012
19,"Dec",1.1,2012
20,"Dec",0,2012
21,"Dec",0.01,2012
22,"Dec",0,2012
23,"Dec",0,2012
24,"Dec",0,2012
25,"Dec",0,2012
26,"Dec",0.01,2012
27,"Dec",0.01,2012
28,"Dec",0.01,2012
29,"Dec",22.1,2012
30,"Dec",0.01,2012
31,"Dec",0,2012
1,"Jan",0,2013
2,"Jan",0,2013
3,"Jan",0,2013
4,"Jan",0,2013
5,"Jan",0,2013
6,"Jan",0,2013
7,"Jan",0,2013
8,"Jan",0,2013
9,"Jan",0,2013
10,"Jan",0,2013
11,"Jan",0,2013
12,"Jan",0.01,2013
13,"Jan",0,2013
14,"Jan",0,2013
15,"Jan",0,2013
16,"Jan",0,2013
17,"Jan",0,2013
18,"Jan",0,2013
19,"Jan",0,2013
20,"Jan",0,2013
21,"Jan",0,2013
22,"Jan",0.01,2013
23,"Jan",0,2013
24,"Jan",0,2013
25,"Jan",0,2013
26,"Jan",2.8,2013
27,"Jan",0.6,2013
28,"Jan",0,2013
29,"Jan",0.01,2013
30,"Jan",0,2013
31,"Jan",0,2013
1,"Feb",0,2013
2,"Feb",0,2013
3,"Feb",0.01,2013
4,"Feb",0.01,2013
5,"Feb",0.01,2013
6,"Feb",0.01,2013
7,"Feb",0.01,2013
8,"Feb",0.2,2013
9,"Feb",0.01,2013
10,"Feb",0.01,2013
11,"Feb",0.01,2013
12,"Feb",0.01,2013
13,"Feb",0.01,2013
14,"Feb",0.01,2013
15,"Feb",0.5,2013
16,"Feb",0.1,2013
17,"Feb",0,2013
18,"Feb",0,2013
19,"Feb",0.01,2013
20,"Feb",0.01,2013
21,"Feb",0.01,2013
22,"Feb",0,2013
23,"Feb",0,2013
24,"Feb",0.01,2013
25,"Feb",0,2013
26,"Feb",0.2,2013
27,"Feb",0.01,2013
28,"Feb",0.5,2013
1,"Mar",0.1,2013
2,"Mar",0.8,2013
3,"Mar",0,2013
4,"Mar",0,2013
5,"Mar",0,2013
6,"Mar",0,2013
7,"Mar",0,2013
8,"Mar",0,2013
9,"Mar",0,2013
10,"Mar",0,2013
11,"Mar",0.01,2013
12,"Mar",0.2,2013
13,"Mar",0.01,2013
14,"Mar",0.01,2013
15,"Mar",0,2013
16,"Mar",0,2013
17,"Mar",0,2013
18,"Mar",0,2013
19,"Mar",18.2,2013
20,"Mar",0.01,2013
21,"Mar",0.8,2013
22,"Mar",0,2013
23,"Mar",0,2013
24,"Mar",1.1,2013
25,"Mar",0.9,2013
26,"Mar",13.6,2013
27,"Mar",1.5,2013
28,"Mar",31.4,2013
29,"Mar",2.7,2013
30,"Mar",58.2,2013
31,"Mar",1,2013
1,"Apr",0.1,2013
2,"Apr",13.3,2013
3,"Apr",9.2,2013
4,"Apr",0.5,2013
5,"Apr",34.7,2013
6,"Apr",36.8,2013
7,"Apr",0,2013
8,"Apr",0.01,2013
9,"Apr",25.1,2013
10,"Apr",14.1,2013
11,"Apr",13.8,2013
12,"Apr",2.1,2013
13,"Apr",0,2013
14,"Apr",0,2013
15,"Apr",0,2013
16,"Apr",0.4,2013
17,"Apr",15.6,2013
18,"Apr",8.2,2013
19,"Apr",8.9,2013
20,"Apr",12.2,2013
21,"Apr",0.3,2013
22,"Apr",1,2013
23,"Apr",0.5,2013
24,"Apr",0,2013
25,"Apr",30.3,2013
26,"Apr",2.9,2013
27,"Apr",0.01,2013
28,"Apr",0.01,2013
29,"Apr",0.01,2013
30,"Apr",23.8,2013
1,"May",1.2,2013
2,"May",0.9,2013
3,"May",33.8,2013
4,"May",0.01,2013
5,"May",0.01,2013
6,"May",0.01,2013
7,"May",0.01,2013
8,"May",29.7,2013
9,"May",31.3,2013
10,"May",23.4,2013
11,"May",0.1,2013
12,"May",1.4,2013
13,"May",0.2,2013
14,"May",0.01,2013
15,"May",0.01,2013
16,"May",5.4,2013
17,"May",13.9,2013
18,"May",21,2013
19,"May",0.1,2013
20,"May",26,2013
21,"May",26.3,2013
22,"May",230.8,2013
23,"May",0.01,2013
24,"May",0.01,2013
25,"May",52,2013
26,"May",11.3,2013
27,"May",0.1,2013
28,"May",0.01,2013
29,"May",0.4,2013
30,"May",0,2013
31,"May",0,2013
1,"Jun",0,2013
2,"Jun",0.01,2013
3,"Jun",0,2013
4,"Jun",20.2,2013
5,"Jun",2.4,2013
6,"Jun",13.6,2013
7,"Jun",0.2,2013
8,"Jun",10.6,2013
9,"Jun",15.7,2013
10,"Jun",12.6,2013
11,"Jun",168.9,2013
12,"Jun",1.1,2013
13,"Jun",1.4,2013
14,"Jun",30.8,2013
15,"Jun",62,2013
16,"Jun",5.4,2013
17,"Jun",6.5,2013
18,"Jun",0.01,2013
19,"Jun",0,2013
20,"Jun",0,2013
21,"Jun",0.8,2013
22,"Jun",15.2,2013
23,"Jun",12.1,2013
24,"Jun",57,2013
25,"Jun",0.7,2013
26,"Jun",0.01,2013
27,"Jun",1.2,2013
28,"Jun",0.2,2013
29,"Jun",0.01,2013
30,"Jun",0,2013
1,"Jul",29.5,2013
2,"Jul",0,2013
3,"Jul",0.01,2013
4,"Jul",0.01,2013
5,"Jul",0,2013
6,"Jul",4.6,2013
7,"Jul",40.7,2013
8,"Jul",0.3,2013
9,"Jul",0.01,2013
10,"Jul",14.2,2013
11,"Jul",0.3,2013
12,"Jul",0,2013
13,"Jul",0,2013
14,"Jul",41.4,2013
15,"Jul",44.9,2013
16,"Jul",7,2013
17,"Jul",29.5,2013
18,"Jul",0.5,2013
19,"Jul",23,2013
20,"Jul",3.5,2013
21,"Jul",0.4,2013
22,"Jul",8.2,2013
23,"Jul",12.3,2013
24,"Jul",26.8,2013
25,"Jul",57.7,2013
26,"Jul",65.4,2013
27,"Jul",14.8,2013
28,"Jul",10.8,2013
29,"Jul",0,2013
30,"Jul",0,2013
31,"Jul",0.5,2013
1,"Aug",4.5,2013
2,"Aug",72.4,2013
3,"Aug",13.3,2013
4,"Aug",0.01,2013
5,"Aug",0,2013
6,"Aug",0,2013
7,"Aug",0.5,2013
8,"Aug",1.3,2013
9,"Aug",0,2013
10,"Aug",0,2013
11,"Aug",0,2013
12,"Aug",0.01,2013
13,"Aug",48.4,2013
14,"Aug",59.4,2013
15,"Aug",0.7,2013
16,"Aug",5.3,2013
17,"Aug",35.6,2013
18,"Aug",3.7,2013
19,"Aug",30.6,2013
20,"Aug",0.01,2013
21,"Aug",0.2,2013
22,"Aug",20.1,2013
23,"Aug",26,2013
24,"Aug",51.6,2013
25,"Aug",7.3,2013
26,"Aug",0,2013
27,"Aug",0,2013
28,"Aug",0,2013
29,"Aug",0,2013
30,"Aug",29.5,2013
31,"Aug",35,2013
1,"Sep",1,2013
2,"Sep",40.6,2013
3,"Sep",5,2013
4,"Sep",88.9,2013
5,"Sep",197.7,2013
6,"Sep",0.3,2013
7,"Sep",0,2013
8,"Sep",0,2013
9,"Sep",0,2013
10,"Sep",0,2013
11,"Sep",0,2013
12,"Sep",0,2013
13,"Sep",0.2,2013
14,"Sep",0,2013
15,"Sep",15.2,2013
16,"Sep",0.8,2013
17,"Sep",0,2013
18,"Sep",0.01,2013
19,"Sep",0,2013
20,"Sep",0,2013
21,"Sep",0,2013
22,"Sep",30.6,2013
23,"Sep",56.9,2013
24,"Sep",1.3,2013
25,"Sep",0.01,2013
26,"Sep",0.1,2013
27,"Sep",0.1,2013
28,"Sep",2.6,2013
29,"Sep",2.9,2013
30,"Sep",10,2013
1,"Oct",0,2013
2,"Oct",0,2013
3,"Oct",0,2013
4,"Oct",0,2013
5,"Oct",0,2013
6,"Oct",0,2013
7,"Oct",0,2013
8,"Oct",0,2013
9,"Oct",0.01,2013
10,"Oct",2.8,2013
11,"Oct",0,2013
12,"Oct",0.01,2013
13,"Oct",0,2013
14,"Oct",0.01,2013
15,"Oct",0,2013
16,"Oct",0.01,2013
17,"Oct",0.01,2013
18,"Oct",0.01,2013
19,"Oct",0,2013
20,"Oct",0,2013
21,"Oct",0.1,2013
22,"Oct",0,2013
23,"Oct",0,2013
24,"Oct",0,2013
25,"Oct",0,2013
26,"Oct",0,2013
27,"Oct",0,2013
28,"Oct",0,2013
29,"Oct",0,2013
30,"Oct",0,2013
31,"Oct",0.01,2013
1,"Nov",0,2013
2,"Nov",0.01,2013
3,"Nov",0.4,2013
4,"Nov",12.2,2013
5,"Nov",3.6,2013
6,"Nov",0.01,2013
7,"Nov",0,2013
8,"Nov",0.01,2013
9,"Nov",0.01,2013
10,"Nov",7.6,2013
11,"Nov",0.01,2013
12,"Nov",33.4,2013
13,"Nov",3.9,2013
14,"Nov",0.01,2013
15,"Nov",0,2013
16,"Nov",0,2013
17,"Nov",0,2013
18,"Nov",0,2013
19,"Nov",0,2013
20,"Nov",0.01,2013
21,"Nov",0.5,2013
22,"Nov",0.7,2013
23,"Nov",0.01,2013
24,"Nov",15.2,2013
25,"Nov",0,2013
26,"Nov",0,2013
27,"Nov",0.5,2013
28,"Nov",5.1,2013
29,"Nov",0,2013
30,"Nov",0,2013
1,"Dec",0,2013
2,"Dec",0,2013
3,"Dec",0,2013
4,"Dec",0,2013
5,"Dec",0,2013
6,"Dec",0,2013
7,"Dec",0,2013
8,"Dec",0.01,2013
9,"Dec",0,2013
10,"Dec",0,2013
11,"Dec",0,2013
12,"Dec",0.01,2013
13,"Dec",0.01,2013
14,"Dec",13,2013
15,"Dec",22.7,2013
16,"Dec",24.8,2013
17,"Dec",27.8,2013
18,"Dec",0,2013
19,"Dec",0,2013
20,"Dec",0,2013
21,"Dec",0,2013
22,"Dec",0,2013
23,"Dec",0,2013
24,"Dec",0,2013
25,"Dec",0,2013
26,"Dec",0,2013
27,"Dec",0,2013
28,"Dec",0,2013
29,"Dec",0,2013
30,"Dec",0,2013
31,"Dec",0,2013
1,"Jan",0,2014
2,"Jan",0,2014
3,"Jan",0,2014
4,"Jan",0,2014
5,"Jan",0,2014
6,"Jan",0,2014
7,"Jan",0.01,2014
8,"Jan",0.01,2014
9,"Jan",0,2014
10,"Jan",0.01,2014
11,"Jan",0,2014
12,"Jan",0,2014
13,"Jan",0,2014
14,"Jan",0,2014
15,"Jan",0,2014
16,"Jan",0,2014
17,"Jan",0,2014
18,"Jan",0,2014
19,"Jan",0,2014
20,"Jan",0,2014
21,"Jan",0,2014
22,"Jan",0,2014
23,"Jan",0,2014
24,"Jan",0,2014
25,"Jan",0,2014
26,"Jan",0,2014
27,"Jan",0,2014
28,"Jan",0,2014
29,"Jan",0,2014
30,"Jan",0,2014
31,"Jan",0,2014
1,"Feb",0,2014
2,"Feb",0,2014
3,"Feb",0,2014
4,"Feb",0.01,2014
5,"Feb",0.01,2014
6,"Feb",0.01,2014
7,"Feb",0.01,2014
8,"Feb",0.3,2014
9,"Feb",13.1,2014
10,"Feb",0.3,2014
11,"Feb",0.01,2014
12,"Feb",0.4,2014
13,"Feb",21.4,2014
14,"Feb",0,2014
15,"Feb",0.01,2014
16,"Feb",0.01,2014
17,"Feb",0,2014
18,"Feb",0.01,2014
19,"Feb",3.8,2014
20,"Feb",0,2014
21,"Feb",0,2014
22,"Feb",0.2,2014
23,"Feb",0,2014
24,"Feb",0.01,2014
25,"Feb",0,2014
26,"Feb",0.01,2014
27,"Feb",0.01,2014
28,"Feb",0.01,2014
1,"Mar",0,2014
2,"Mar",0.6,2014
3,"Mar",0.01,2014
4,"Mar",0.1,2014
5,"Mar",0.1,2014
6,"Mar",0.01,2014
7,"Mar",0.1,2014
8,"Mar",0.9,2014
9,"Mar",0.01,2014
10,"Mar",0.01,2014
11,"Mar",0.3,2014
12,"Mar",0.1,2014
13,"Mar",0.3,2014
14,"Mar",0.4,2014
15,"Mar",0.01,2014
16,"Mar",0,2014
17,"Mar",0.01,2014
18,"Mar",0,2014
19,"Mar",0,2014
20,"Mar",0,2014
21,"Mar",0.01,2014
22,"Mar",0,2014
23,"Mar",0,2014
24,"Mar",0,2014
25,"Mar",0,2014
26,"Mar",0.01,2014
27,"Mar",0,2014
28,"Mar",0.01,2014
29,"Mar",19,2014
30,"Mar",103.1,2014
31,"Mar",82.6,2014
1,"Apr",8,2014
2,"Apr",24.4,2014
3,"Apr",42.3,2014
4,"Apr",0,2014
5,"Apr",0,2014
6,"Apr",9.3,2014
7,"Apr",0.01,2014
8,"Apr",27.5,2014
9,"Apr",0.01,2014
10,"Apr",0.01,2014
11,"Apr",0.01,2014
12,"Apr",0,2014
13,"Apr",0,2014
14,"Apr",0.4,2014
15,"Apr",0,2014
16,"Apr",0,2014
17,"Apr",0,2014
18,"Apr",0,2014
19,"Apr",0,2014
20,"Apr",0,2014
21,"Apr",0.6,2014
22,"Apr",0.01,2014
23,"Apr",13.3,2014
24,"Apr",1.5,2014
25,"Apr",1.7,2014
26,"Apr",2.7,2014
27,"Apr",0,2014
28,"Apr",0,2014
29,"Apr",0,2014
30,"Apr",0.7,2014
1,"May",2.8,2014
2,"May",0.01,2014
3,"May",0.2,2014
4,"May",7.3,2014
5,"May",26.6,2014
6,"May",1,2014
7,"May",3.2,2014
8,"May",106.3,2014
9,"May",89.1,2014
10,"May",12.5,2014
11,"May",164.5,2014
12,"May",40.9,2014
13,"May",57.5,2014
14,"May",2,2014
15,"May",2.8,2014
16,"May",18.8,2014
17,"May",10.7,2014
18,"May",1.2,2014
19,"May",0.7,2014
20,"May",53.2,2014
21,"May",47.1,2014
22,"May",0.01,2014
23,"May",33.1,2014
24,"May",0,2014
25,"May",3.6,2014
26,"May",0.01,2014
27,"May",0,2014
28,"May",0,2014
29,"May",0.01,2014
30,"May",2.2,2014
31,"May",0.01,2014
1,"Jun",3.7,2014
2,"Jun",0,2014
3,"Jun",0.01,2014
4,"Jun",0,2014
5,"Jun",0.2,2014
6,"Jun",17.2,2014
7,"Jun",7.6,2014
8,"Jun",57.6,2014
9,"Jun",0.01,2014
10,"Jun",0.01,2014
11,"Jun",0.01,2014
12,"Jun",0,2014
13,"Jun",0,2014
14,"Jun",0.01,2014
15,"Jun",9.9,2014
16,"Jun",3.8,2014
17,"Jun",1.1,2014
18,"Jun",6,2014
19,"Jun",10.5,2014
20,"Jun",29.2,2014
21,"Jun",47.6,2014
22,"Jun",114.9,2014
23,"Jun",41.5,2014
24,"Jun",45.9,2014
25,"Jun",18.5,2014
26,"Jun",0.1,2014
27,"Jun",0,2014
28,"Jun",0,2014
29,"Jun",20.4,2014
30,"Jun",0.9,2014
1,"Jul",13.9,2014
2,"Jul",0.01,2014
3,"Jul",0.1,2014
4,"Jul",0,2014
5,"Jul",1.5,2014
6,"Jul",14.8,2014
7,"Jul",5.5,2014
8,"Jul",0,2014
9,"Jul",0.01,2014
10,"Jul",16.9,2014
11,"Jul",23.3,2014
12,"Jul",5.8,2014
13,"Jul",2.9,2014
14,"Jul",22.6,2014
15,"Jul",0.2,2014
16,"Jul",0.01,2014
17,"Jul",34.5,2014
18,"Jul",19.5,2014
19,"Jul",6.5,2014
20,"Jul",11.1,2014
21,"Jul",0,2014
22,"Jul",35.7,2014
23,"Jul",0,2014
24,"Jul",7.3,2014
25,"Jul",6.2,2014
26,"Jul",6.7,2014
27,"Jul",25.5,2014
28,"Jul",0,2014
29,"Jul",0,2014
30,"Jul",0,2014
31,"Jul",0,2014
1,"Aug",5.9,2014
2,"Aug",10.7,2014
3,"Aug",39.3,2014
4,"Aug",12,2014
5,"Aug",21.1,2014
6,"Aug",36.5,2014
7,"Aug",14.5,2014
8,"Aug",0,2014
9,"Aug",0,2014
10,"Aug",5.1,2014
11,"Aug",0.01,2014
12,"Aug",102.9,2014
13,"Aug",166.1,2014
14,"Aug",0.5,2014
15,"Aug",0,2014
16,"Aug",0,2014
17,"Aug",0,2014
18,"Aug",0,2014
19,"Aug",42.1,2014
20,"Aug",88.8,2014
21,"Aug",0.1,2014
22,"Aug",0,2014
23,"Aug",0.01,2014
24,"Aug",0,2014
25,"Aug",0,2014
26,"Aug",0,2014
27,"Aug",0.7,2014
28,"Aug",0.3,2014
29,"Aug",0,2014
30,"Aug",0,2014
31,"Aug",1.6,2014
1,"Sep",2.2,2014
2,"Sep",0,2014
3,"Sep",0,2014
4,"Sep",6.7,2014
5,"Sep",0.01,2014
6,"Sep",0.01,2014
7,"Sep",0.6,2014
8,"Sep",3,2014
9,"Sep",0,2014
10,"Sep",0.01,2014
11,"Sep",0.01,2014
12,"Sep",32.1,2014
13,"Sep",6.2,2014
14,"Sep",0.5,2014
15,"Sep",17.6,2014
16,"Sep",51.6,2014
17,"Sep",7.7,2014
18,"Sep",0.01,2014
19,"Sep",0.3,2014
20,"Sep",0,2014
21,"Sep",0,2014
22,"Sep",0.01,2014
23,"Sep",0,2014
24,"Sep",0.01,2014
25,"Sep",0,2014
26,"Sep",0.7,2014
27,"Sep",0,2014
28,"Sep",0,2014
29,"Sep",0,2014
30,"Sep",11.4,2014
1,"Oct",26.7,2014
2,"Oct",0.01,2014
3,"Oct",23.7,2014
4,"Oct",2.6,2014
5,"Oct",0.1,2014
6,"Oct",0,2014
7,"Oct",0.01,2014
8,"Oct",0,2014
9,"Oct",0,2014
10,"Oct",0,2014
11,"Oct",0,2014
12,"Oct",0,2014
13,"Oct",0,2014
14,"Oct",0.01,2014
15,"Oct",0,2014
16,"Oct",0.01,2014
17,"Oct",0,2014
18,"Oct",0,2014
19,"Oct",0.01,2014
20,"Oct",0,2014
21,"Oct",0.01,2014
22,"Oct",56.4,2014
23,"Oct",0.2,2014
24,"Oct",0,2014
25,"Oct",0,2014
26,"Oct",0.1,2014
27,"Oct",0,2014
28,"Oct",0.01,2014
29,"Oct",0.01,2014
30,"Oct",0,2014
31,"Oct",0,2014
1,"Nov",0,2014
2,"Nov",0.01,2014
3,"Nov",0.01,2014
4,"Nov",0.01,2014
5,"Nov",0,2014
6,"Nov",0.1,2014
7,"Nov",11.8,2014
8,"Nov",18,2014
9,"Nov",0.01,2014
10,"Nov",0.01,2014
11,"Nov",0,2014
12,"Nov",0.01,2014
13,"Nov",0.01,2014
14,"Nov",0.01,2014
15,"Nov",0.4,2014
16,"Nov",0,2014
17,"Nov",0,2014
18,"Nov",0.01,2014
19,"Nov",0.01,2014
20,"Nov",0,2014
21,"Nov",0,2014
22,"Nov",0,2014
23,"Nov",0,2014
24,"Nov",0,2014
25,"Nov",0,2014
26,"Nov",0,2014
27,"Nov",0.4,2014
28,"Nov",0.01,2014
29,"Nov",0.2,2014
30,"Nov",0.2,2014
1,"Dec",3.1,2014
2,"Dec",4.5,2014
3,"Dec",1.7,2014
4,"Dec",5.4,2014
5,"Dec",0.5,2014
6,"Dec",0.01,2014
7,"Dec",0.1,2014
8,"Dec",0.1,2014
9,"Dec",0,2014
10,"Dec",2.1,2014
11,"Dec",0.01,2014
12,"Dec",0,2014
13,"Dec",0,2014
14,"Dec",0,2014
15,"Dec",0,2014
16,"Dec",0,2014
17,"Dec",0,2014
18,"Dec",0.1,2014
19,"Dec",14.3,2014
20,"Dec",0.2,2014
21,"Dec",0,2014
22,"Dec",0,2014
23,"Dec",0.01,2014
24,"Dec",0,2014
25,"Dec",6.7,2014
26,"Dec",2.2,2014
27,"Dec",0.5,2014
28,"Dec",3.2,2014
29,"Dec",0,2014
30,"Dec",0,2014
31,"Dec",0,2014
1,"Jan",0,2015
2,"Jan",0,2015
3,"Jan",0,2015
4,"Jan",0,2015
5,"Jan",0,2015
6,"Jan",0,2015
7,"Jan",0.1,2015
8,"Jan",0,2015
9,"Jan",0,2015
10,"Jan",0,2015
11,"Jan",0.01,2015
12,"Jan",14.9,2015
13,"Jan",25.8,2015
14,"Jan",0,2015
15,"Jan",0,2015
16,"Jan",0,2015
17,"Jan",0,2015
18,"Jan",0,2015
19,"Jan",0,2015
20,"Jan",0,2015
21,"Jan",0.01,2015
22,"Jan",0,2015
23,"Jan",0,2015
24,"Jan",0.9,2015
25,"Jan",0.01,2015
26,"Jan",0,2015
27,"Jan",0,2015
28,"Jan",0.01,2015
29,"Jan",0.01,2015
30,"Jan",0,2015
31,"Jan",0.01,2015
1,"Feb",0.01,2015
2,"Feb",0,2015
3,"Feb",0,2015
4,"Feb",0,2015
5,"Feb",0.01,2015
6,"Feb",0.3,2015
7,"Feb",0,2015
8,"Feb",0,2015
9,"Feb",0,2015
10,"Feb",0,2015
11,"Feb",0,2015
12,"Feb",0,2015
13,"Feb",0,2015
14,"Feb",0,2015
15,"Feb",3.3,2015
16,"Feb",0,2015
17,"Feb",0.01,2015
18,"Feb",0.01,2015
19,"Feb",0.01,2015
20,"Feb",0.01,2015
21,"Feb",0.2,2015
22,"Feb",15.6,2015
23,"Feb",10.2,2015
24,"Feb",0.01,2015
25,"Feb",0.8,2015
26,"Feb",0,2015
27,"Feb",1.2,2015
28,"Feb",0.4,2015
1,"Mar",0.01,2015
2,"Mar",0.01,2015
3,"Mar",0.2,2015
4,"Mar",0.2,2015
5,"Mar",4.8,2015
6,"Mar",0.1,2015
7,"Mar",0.2,2015
8,"Mar",0.01,2015
9,"Mar",0.01,2015
10,"Mar",0.01,2015
11,"Mar",0.3,2015
12,"Mar",3.7,2015
13,"Mar",0,2015
14,"Mar",0.01,2015
15,"Mar",0,2015
16,"Mar",0.01,2015
17,"Mar",0,2015
18,"Mar",0,2015
19,"Mar",0,2015
20,"Mar",0,2015
21,"Mar",0,2015
22,"Mar",0.1,2015
23,"Mar",0.01,2015
24,"Mar",0,2015
25,"Mar",0.01,2015
26,"Mar",4.2,2015
27,"Mar",14.6,2015
28,"Mar",0,2015
29,"Mar",0,2015
30,"Mar",0,2015
31,"Mar",0.01,2015
1,"Apr",0,2015
2,"Apr",0,2015
3,"Apr",0.01,2015
4,"Apr",0,2015
5,"Apr",0,2015
6,"Apr",0.01,2015
7,"Apr",0.1,2015
8,"Apr",10,2015
9,"Apr",1.3,2015
10,"Apr",0.7,2015
11,"Apr",52,2015
12,"Apr",0.2,2015
13,"Apr",0,2015
14,"Apr",0,2015
15,"Apr",0,2015
16,"Apr",0,2015
17,"Apr",0,2015
18,"Apr",0.01,2015
19,"Apr",0.01,2015
20,"Apr",0.2,2015
21,"Apr",0.01,2015
22,"Apr",0.01,2015
23,"Apr",0.01,2015
24,"Apr",0,2015
25,"Apr",0,2015
26,"Apr",0,2015
27,"Apr",0,2015
28,"Apr",0,2015
29,"Apr",0,2015
30,"Apr",0,2015
1,"May",0.5,2015
2,"May",0.01,2015
3,"May",0.01,2015
4,"May",0.01,2015
5,"May",3.9,2015
6,"May",0.6,2015
7,"May",0.3,2015
8,"May",0,2015
9,"May",7.3,2015
10,"May",20.1,2015
11,"May",51,2015
12,"May",0,2015
13,"May",0,2015
14,"May",0.01,2015
15,"May",0,2015
16,"May",18.4,2015
17,"May",5.7,2015
18,"May",0.9,2015
19,"May",1.2,2015
20,"May",107.7,2015
21,"May",12.6,2015
22,"May",0.7,2015
23,"May",169.4,2015
24,"May",8.2,2015
25,"May",29.4,2015
26,"May",64.6,2015
27,"May",0.2,2015
28,"May",1.4,2015
29,"May",0,2015
30,"May",7,2015
31,"May",1.9,2015
1,"Jun",10.6,2015
2,"Jun",5.4,2015
3,"Jun",0.01,2015
4,"Jun",0,2015
5,"Jun",0,2015
6,"Jun",0.8,2015
7,"Jun",0.01,2015
8,"Jun",1.6,2015
9,"Jun",0.01,2015
10,"Jun",8.1,2015
11,"Jun",0.8,2015
12,"Jun",96.8,2015
13,"Jun",0.4,2015
14,"Jun",1.5,2015
15,"Jun",5.2,2015
16,"Jun",0,2015
17,"Jun",0,2015
18,"Jun",0,2015
19,"Jun",0.01,2015
20,"Jun",0,2015
21,"Jun",51,2015
22,"Jun",18.1,2015
23,"Jun",51.3,2015
24,"Jun",9.7,2015
25,"Jun",28.5,2015
26,"Jun",10.4,2015
27,"Jun",0,2015
28,"Jun",1.9,2015
29,"Jun",0.01,2015
30,"Jun",0.01,2015
1,"Jul",0,2015
2,"Jul",0.01,2015
3,"Jul",0,2015
4,"Jul",0,2015
5,"Jul",0,2015
6,"Jul",0.01,2015
7,"Jul",0,2015
8,"Jul",0,2015
9,"Jul",2,2015
10,"Jul",24.3,2015
11,"Jul",0,2015
12,"Jul",0,2015
13,"Jul",0,2015
14,"Jul",0,2015
15,"Jul",0.01,2015
16,"Jul",0.01,2015
17,"Jul",1.2,2015
18,"Jul",0.2,2015
19,"Jul",0.01,2015
20,"Jul",46.2,2015
21,"Jul",51.2,2015
22,"Jul",191.3,2015
23,"Jul",45,2015
24,"Jul",5.7,2015
25,"Jul",9.6,2015
26,"Jul",24.9,2015
27,"Jul",0.3,2015
28,"Jul",0.01,2015
29,"Jul",3.7,2015
30,"Jul",0.6,2015
31,"Jul",0,2015
1,"Aug",0,2015
2,"Aug",0,2015
3,"Aug",0,2015
4,"Aug",0,2015
5,"Aug",0,2015
6,"Aug",0,2015
7,"Aug",0,2015
8,"Aug",0,2015
9,"Aug",11.6,2015
10,"Aug",23.5,2015
11,"Aug",16.8,2015
12,"Aug",0.01,2015
13,"Aug",27.5,2015
14,"Aug",18.9,2015
15,"Aug",24.6,2015
16,"Aug",0.1,2015
17,"Aug",0.01,2015
18,"Aug",0.01,2015
19,"Aug",0,2015
20,"Aug",6.1,2015
21,"Aug",0,2015
22,"Aug",0.01,2015
23,"Aug",3.4,2015
24,"Aug",0,2015
25,"Aug",0,2015
26,"Aug",0.2,2015
27,"Aug",0,2015
28,"Aug",0.01,2015
29,"Aug",0.9,2015
30,"Aug",9.7,2015
31,"Aug",0.01,2015
1,"Sep",5.3,2015
2,"Sep",39,2015
3,"Sep",0.2,2015
4,"Sep",0,2015
5,"Sep",0,2015
6,"Sep",0,2015
7,"Sep",7.3,2015
8,"Sep",0,2015
9,"Sep",0.01,2015
10,"Sep",0,2015
11,"Sep",0.01,2015
12,"Sep",0.01,2015
13,"Sep",0,2015
14,"Sep",0,2015
15,"Sep",0,2015
16,"Sep",1.5,2015
17,"Sep",0.01,2015
18,"Sep",0.01,2015
19,"Sep",0,2015
20,"Sep",0.01,2015
21,"Sep",16.9,2015
22,"Sep",2.9,2015
23,"Sep",0.01,2015
24,"Sep",0,2015
25,"Sep",0,2015
26,"Sep",10.2,2015
27,"Sep",4.6,2015
28,"Sep",0,2015
29,"Sep",0,2015
30,"Sep",0.01,2015
1,"Oct",0.3,2015
2,"Oct",7,2015
3,"Oct",46.4,2015
4,"Oct",38.1,2015
5,"Oct",15.6,2015
6,"Oct",50.7,2015
7,"Oct",5.8,2015
8,"Oct",0,2015
9,"Oct",0.01,2015
10,"Oct",1,2015
11,"Oct",2,2015
12,"Oct",0.01,2015
13,"Oct",0.01,2015
14,"Oct",0,2015
15,"Oct",0,2015
16,"Oct",0,2015
17,"Oct",0,2015
18,"Oct",0,2015
19,"Oct",0,2015
20,"Oct",0,2015
21,"Oct",0.01,2015
22,"Oct",0,2015
23,"Oct",0,2015
24,"Oct",0.01,2015
25,"Oct",0.2,2015
26,"Oct",0.7,2015
27,"Oct",0,2015
28,"Oct",0.01,2015
29,"Oct",0.01,2015
30,"Oct",0,2015
31,"Oct",0.5,2015
1,"Nov",0,2015
2,"Nov",0.01,2015
3,"Nov",0.01,2015
4,"Nov",0.01,2015
5,"Nov",0.01,2015
6,"Nov",0.01,2015
7,"Nov",0.3,2015
8,"Nov",0.01,2015
9,"Nov",0.01,2015
10,"Nov",0.3,2015
11,"Nov",1.1,2015
12,"Nov",0.3,2015
13,"Nov",10.4,2015
14,"Nov",0.01,2015
15,"Nov",6.5,2015
16,"Nov",3.9,2015
17,"Nov",0,2015
18,"Nov",0,2015
19,"Nov",0.01,2015
20,"Nov",0.01,2015
21,"Nov",0,2015
22,"Nov",0.01,2015
23,"Nov",0,2015
24,"Nov",0.01,2015
25,"Nov",0,2015
26,"Nov",0,2015
27,"Nov",0,2015
28,"Nov",0,2015
29,"Nov",0,2015
30,"Nov",0.01,2015
1,"Dec",0,2015
2,"Dec",0.01,2015
3,"Dec",0.01,2015
4,"Dec",0.01,2015
5,"Dec",15.7,2015
6,"Dec",1,2015
7,"Dec",0,2015
8,"Dec",0.7,2015
9,"Dec",44.6,2015
10,"Dec",0.01,2015
11,"Dec",0,2015
12,"Dec",0,2015
13,"Dec",0.01,2015
14,"Dec",0.01,2015
15,"Dec",0.01,2015
16,"Dec",0,2015
17,"Dec",0,2015
18,"Dec",0,2015
19,"Dec",0,2015
20,"Dec",0.7,2015
21,"Dec",0.01,2015
22,"Dec",0.6,2015
23,"Dec",0.01,2015
24,"Dec",0.01,2015
25,"Dec",0.2,2015
26,"Dec",0,2015
27,"Dec",0.4,2015
28,"Dec",0.01,2015
29,"Dec",0.01,2015
30,"Dec",0.4,2015
31,"Dec",0.01,2015
1,"Jan",0.01,2016
2,"Jan",0.3,2016
3,"Jan",5.6,2016
4,"Jan",0.01,2016
5,"Jan",46.7,2016
6,"Jan",0.01,2016
7,"Jan",0,2016
8,"Jan",0,2016
9,"Jan",0,2016
10,"Jan",6.9,2016
11,"Jan",30.7,2016
12,"Jan",0,2016
13,"Jan",0,2016
14,"Jan",1.1,2016
15,"Jan",38.8,2016
16,"Jan",12.3,2016
17,"Jan",24.6,2016
18,"Jan",0,2016
19,"Jan",0,2016
20,"Jan",3.3,2016
21,"Jan",0.1,2016
22,"Jan",12.9,2016
23,"Jan",0.5,2016
24,"Jan",4,2016
25,"Jan",0,2016
26,"Jan",0.01,2016
27,"Jan",3.5,2016
28,"Jan",42.5,2016
29,"Jan",32.8,2016
30,"Jan",0,2016
31,"Jan",0.3,2016
1,"Feb",11.3,2016
2,"Feb",0.01,2016
3,"Feb",0.01,2016
4,"Feb",0,2016
5,"Feb",0,2016
6,"Feb",0,2016
7,"Feb",0,2016
8,"Feb",0,2016
9,"Feb",0,2016
10,"Feb",0.2,2016
11,"Feb",0.01,2016
12,"Feb",0.1,2016
13,"Feb",0,2016
14,"Feb",0.01,2016
15,"Feb",0.3,2016
16,"Feb",0,2016
17,"Feb",1.7,2016
18,"Feb",3.4,2016
19,"Feb",4.4,2016
20,"Feb",2.4,2016
21,"Feb",0.01,2016
22,"Feb",0.5,2016
23,"Feb",0.5,2016
24,"Feb",0.01,2016
25,"Feb",0,2016
26,"Feb",0.01,2016
27,"Feb",0.01,2016
28,"Feb",0,2016
29,"Feb",0,2016
1,"Mar",0,2016
2,"Mar",0,2016
3,"Mar",0,2016
4,"Mar",0,2016
5,"Mar",0.01,2016
6,"Mar",0,2016
7,"Mar",0.2,2016
8,"Mar",0,2016
9,"Mar",15.5,2016
10,"Mar",16.8,2016
11,"Mar",0.1,2016
12,"Mar",0.1,2016
13,"Mar",6.8,2016
14,"Mar",0.8,2016
15,"Mar",0.01,2016
16,"Mar",1.1,2016
17,"Mar",2.2,2016
18,"Mar",0.01,2016
19,"Mar",0.01,2016
20,"Mar",0.3,2016
21,"Mar",59.6,2016
22,"Mar",1.7,2016
23,"Mar",8.7,2016
24,"Mar",33.4,2016
25,"Mar",1.4,2016
26,"Mar",0,2016
27,"Mar",0,2016
28,"Mar",0,2016
29,"Mar",0.01,2016
30,"Mar",0.01,2016
31,"Mar",0,2016
1,"Apr",0,2016
2,"Apr",0.01,2016
3,"Apr",0,2016
4,"Apr",4.3,2016
5,"Apr",0.01,2016
6,"Apr",0,2016
7,"Apr",0,2016
8,"Apr",0.01,2016
9,"Apr",0.01,2016
10,"Apr",22.1,2016
11,"Apr",0.4,2016
12,"Apr",11.4,2016
13,"Apr",76.4,2016
14,"Apr",0.7,2016
15,"Apr",3.4,2016
16,"Apr",0.01,2016
17,"Apr",0.01,2016
18,"Apr",23.7,2016
19,"Apr",0.01,2016
20,"Apr",0.01,2016
21,"Apr",0.01,2016
22,"Apr",8.3,2016
23,"Apr",2.8,2016
24,"Apr",41.4,2016
25,"Apr",12.4,2016
26,"Apr",0.01,2016
27,"Apr",0.9,2016
28,"Apr",1.7,2016
29,"Apr",0.01,2016
30,"Apr",1.5,2016
1,"May",3.1,2016
2,"May",0.3,2016
3,"May",30.7,2016
4,"May",0.01,2016
5,"May",0,2016
6,"May",0,2016
7,"May",0,2016
8,"May",0,2016
9,"May",0,2016
10,"May",60.3,2016
11,"May",0,2016
12,"May",0.01,2016
13,"May",0.01,2016
14,"May",4.7,2016
15,"May",1,2016
16,"May",0.3,2016
17,"May",1.2,2016
18,"May",0,2016
19,"May",0.01,2016
20,"May",16.1,2016
21,"May",37.6,2016
22,"May",0,2016
23,"May",0.01,2016
24,"May",0.01,2016
25,"May",0.01,2016
26,"May",0.1,2016
27,"May",14.4,2016
28,"May",62.9,2016
29,"May",0.8,2016
30,"May",0.1,2016
31,"May",0,2016
1,"Jun",0,2016
2,"Jun",0,2016
3,"Jun",0.01,2016
4,"Jun",12.4,2016
5,"Jun",7.6,2016
6,"Jun",77.6,2016
7,"Jun",0.4,2016
8,"Jun",46.5,2016
9,"Jun",0.01,2016
10,"Jun",9.1,2016
11,"Jun",85.5,2016
12,"Jun",28.2,2016
13,"Jun",0.1,2016
14,"Jun",0.01,2016
15,"Jun",0.6,2016
16,"Jun",2.8,2016
17,"Jun",2.5,2016
18,"Jun",13.1,2016
19,"Jun",0,2016
20,"Jun",0.01,2016
21,"Jun",0,2016
22,"Jun",0,2016
23,"Jun",0,2016
24,"Jun",0,2016
25,"Jun",0,2016
26,"Jun",0.01,2016
27,"Jun",1.7,2016
28,"Jun",37.1,2016
29,"Jun",20.4,2016
30,"Jun",1.8,2016
1,"Jul",3.4,2016
2,"Jul",20.8,2016
3,"Jul",2.7,2016
4,"Jul",3.8,2016
5,"Jul",9.8,2016
6,"Jul",33.6,2016
7,"Jul",0.01,2016
8,"Jul",0,2016
9,"Jul",10.3,2016
10,"Jul",1.7,2016
11,"Jul",11.7,2016
12,"Jul",0.1,2016
13,"Jul",35.2,2016
14,"Jul",10.2,2016
15,"Jul",1,2016
16,"Jul",0.3,2016
17,"Jul",0,2016
18,"Jul",0.6,2016
19,"Jul",4.4,2016
20,"Jul",16.8,2016
21,"Jul",0.3,2016
22,"Jul",0,2016
23,"Jul",0,2016
24,"Jul",0,2016
25,"Jul",0,2016
26,"Jul",8,2016
27,"Jul",0.01,2016
28,"Jul",0,2016
29,"Jul",0,2016
30,"Jul",0.01,2016
31,"Jul",1.2,2016
1,"Aug",4.6,2016
2,"Aug",121,2016
3,"Aug",17.3,2016
4,"Aug",20.9,2016
5,"Aug",0.01,2016
6,"Aug",0,2016
7,"Aug",0,2016
8,"Aug",0,2016
9,"Aug",33.5,2016
10,"Aug",39.8,2016
11,"Aug",42.1,2016
12,"Aug",0.4,2016
13,"Aug",0.01,2016
14,"Aug",25.7,2016
15,"Aug",19.1,2016
16,"Aug",49.9,2016
17,"Aug",40.9,2016
18,"Aug",50.9,2016
19,"Aug",10.5,2016
20,"Aug",3.8,2016
21,"Aug",39.9,2016
22,"Aug",0,2016
23,"Aug",0,2016
24,"Aug",0,2016
25,"Aug",0,2016
26,"Aug",0,2016
27,"Aug",3.5,2016
28,"Aug",8.7,2016
29,"Aug",0.01,2016
30,"Aug",0,2016
31,"Aug",0.2,2016
1,"Sep",68.9,2016
2,"Sep",6.1,2016
3,"Sep",7,2016
4,"Sep",0.01,2016
5,"Sep",75.3,2016
6,"Sep",10.8,2016
7,"Sep",20.4,2016
8,"Sep",2.8,2016
9,"Sep",16.3,2016
10,"Sep",53.2,2016
11,"Sep",6.6,2016
12,"Sep",0,2016
13,"Sep",8.5,2016
14,"Sep",0,2016
15,"Sep",0.7,2016
16,"Sep",0,2016
17,"Sep",0,2016
18,"Sep",0.01,2016
19,"Sep",3.8,2016
20,"Sep",39.6,2016
21,"Sep",2.4,2016
22,"Sep",0,2016
23,"Sep",0.01,2016
24,"Sep",0.01,2016
25,"Sep",0,2016
26,"Sep",0.01,2016
27,"Sep",0,2016
28,"Sep",0,2016
29,"Sep",0.7,2016
30,"Sep",0,2016
1,"Oct",95.5,2016
2,"Oct",0.01,2016
3,"Oct",0.2,2016
4,"Oct",0,2016
5,"Oct",0.01,2016
6,"Oct",16.7,2016
7,"Oct",17.3,2016
8,"Oct",0.01,2016
9,"Oct",0,2016
10,"Oct",0,2016
11,"Oct",0.1,2016
12,"Oct",0.9,2016
13,"Oct",0.01,2016
14,"Oct",0.01,2016
15,"Oct",0,2016
16,"Oct",0,2016
17,"Oct",16.7,2016
18,"Oct",178.7,2016
19,"Oct",223.4,2016
20,"Oct",0,2016
21,"Oct",72.5,2016
22,"Oct",1.9,2016
23,"Oct",0,2016
24,"Oct",0.01,2016
25,"Oct",0.01,2016
26,"Oct",0,2016
27,"Oct",0,2016
28,"Oct",0,2016
29,"Oct",0.5,2016
30,"Oct",0,2016
31,"Oct",0,2016
1,"Nov",0,2016
2,"Nov",0,2016
3,"Nov",0,2016
4,"Nov",0,2016
5,"Nov",0,2016
6,"Nov",0,2016
7,"Nov",0,2016
8,"Nov",4.8,2016
9,"Nov",1.3,2016
10,"Nov",1.9,2016
11,"Nov",0.01,2016
12,"Nov",0.2,2016
13,"Nov",0,2016
14,"Nov",0,2016
15,"Nov",0.01,2016
16,"Nov",0.01,2016
17,"Nov",0.01,2016
18,"Nov",0.01,2016
19,"Nov",1.4,2016
20,"Nov",0.01,2016
21,"Nov",0.3,2016
22,"Nov",36.5,2016
23,"Nov",25.9,2016
24,"Nov",0.01,2016
25,"Nov",0.1,2016
26,"Nov",50.3,2016
27,"Nov",8.6,2016
28,"Nov",0,2016
29,"Nov",0,2016
30,"Nov",0,2016
1,"Dec",0,2016
2,"Dec",0,2016
3,"Dec",0,2016
4,"Dec",0.01,2016
5,"Dec",0,2016
6,"Dec",0.01,2016
7,"Dec",0.01,2016
8,"Dec",0,2016
9,"Dec",0,2016
10,"Dec",0,2016
11,"Dec",0.01,2016
12,"Dec",0.01,2016
13,"Dec",0.01,2016
14,"Dec",0.01,2016
15,"Dec",0,2016
16,"Dec",0,2016
17,"Dec",0,2016
18,"Dec",0,2016
19,"Dec",0,2016
20,"Dec",0,2016
21,"Dec",2.8,2016
22,"Dec",0.1,2016
23,"Dec",0.01,2016
24,"Dec",3.7,2016
25,"Dec",0.01,2016
26,"Dec",0,2016
27,"Dec",0,2016
28,"Dec",0,2016
29,"Dec",0,2016
30,"Dec",0,2016
31,"Dec",0,2016
1,"Jan",0,2017
2,"Jan",0,2017
3,"Jan",0,2017
4,"Jan",0,2017
5,"Jan",0,2017
6,"Jan",0,2017
7,"Jan",0,2017
8,"Jan",0,2017
9,"Jan",0,2017
10,"Jan",0,2017
11,"Jan",0,2017
12,"Jan",0.01,2017
13,"Jan",0.5,2017
14,"Jan",1,2017
15,"Jan",1.5,2017
16,"Jan",0.4,2017
17,"Jan",0,2017
18,"Jan",0.01,2017
19,"Jan",0,2017
20,"Jan",0.01,2017
21,"Jan",0,2017
22,"Jan",0,2017
23,"Jan",0,2017
24,"Jan",0,2017
25,"Jan",0,2017
26,"Jan",0,2017
27,"Jan",0,2017
28,"Jan",0.3,2017
29,"Jan",2.4,2017
30,"Jan",1.2,2017
31,"Jan",0.5,2017
1,"Feb",0.01,2017
2,"Feb",0.01,2017
3,"Feb",0,2017
4,"Feb",1.6,2017
5,"Feb",3.3,2017
6,"Feb",0.01,2017
7,"Feb",0,2017
8,"Feb",0.01,2017
9,"Feb",0.01,2017
10,"Feb",0,2017
11,"Feb",0,2017
12,"Feb",0,2017
13,"Feb",0,2017
14,"Feb",0,2017
15,"Feb",0,2017
16,"Feb",0,2017
17,"Feb",0,2017
18,"Feb",0,2017
19,"Feb",0.3,2017
20,"Feb",0.01,2017
21,"Feb",4.6,2017
22,"Feb",8,2017
23,"Feb",0.01,2017
24,"Feb",0.01,2017
25,"Feb",0.7,2017
26,"Feb",1.4,2017
27,"Feb",0,2017
28,"Feb",0,2017
1,"Mar",0,2017
2,"Mar",0,2017
3,"Mar",0,2017
4,"Mar",0,2017
5,"Mar",0,2017
6,"Mar",0.01,2017
7,"Mar",0.01,2017
8,"Mar",2.8,2017
9,"Mar",0.01,2017
10,"Mar",0.01,2017
11,"Mar",0.01,2017
12,"Mar",1,2017
13,"Mar",0,2017
14,"Mar",8.5,2017
15,"Mar",0.01,2017
16,"Mar",0.01,2017
17,"Mar",0.01,2017
18,"Mar",0.3,2017
19,"Mar",10.7,2017
20,"Mar",0.01,2017
21,"Mar",0.6,2017
22,"Mar",0.9,2017
23,"Mar",0,2017
24,"Mar",0.01,2017
25,"Mar",0.01,2017
26,"Mar",1,2017
27,"Mar",0,2017
28,"Mar",0,2017
29,"Mar",0.3,2017
30,"Mar",0.01,2017
31,"Mar",21.9,2017
1,"Apr",0.2,2017
2,"Apr",0,2017
3,"Apr",0,2017
4,"Apr",0,2017
5,"Apr",0,2017
6,"Apr",0.3,2017
7,"Apr",0,2017
8,"Apr",0,2017
9,"Apr",0,2017
10,"Apr",0.01,2017
11,"Apr",0.6,2017
12,"Apr",21.5,2017
13,"Apr",0.01,2017
14,"Apr",0,2017
15,"Apr",0,2017
16,"Apr",0.01,2017
17,"Apr",0.01,2017
18,"Apr",0,2017
19,"Apr",0,2017
20,"Apr",3.1,2017
21,"Apr",7.8,2017
22,"Apr",6.6,2017
23,"Apr",1.4,2017
24,"Apr",0.01,2017
25,"Apr",10.9,2017
26,"Apr",2.9,2017
27,"Apr",3.5,2017
28,"Apr",0,2017
29,"Apr",0,2017
30,"Apr",0,2017
1,"May",0,2017
2,"May",0,2017
3,"May",0.01,2017
4,"May",42.5,2017
5,"May",0,2017
6,"May",0.01,2017
7,"May",1.8,2017
8,"May",9.2,2017
9,"May",10.8,2017
10,"May",0,2017
11,"May",0,2017
12,"May",0.01,2017
13,"May",4.7,2017
14,"May",0.01,2017
15,"May",38.5,2017
16,"May",3,2017
17,"May",0,2017
18,"May",0.1,2017
19,"May",0.7,2017
20,"May",0.3,2017
21,"May",4.4,2017
22,"May",5.6,2017
23,"May",4.1,2017
24,"May",273.6,2017
25,"May",0,2017
26,"May",0,2017
27,"May",0.01,2017
28,"May",0,2017
29,"May",0,2017
30,"May",0.01,2017
31,"May",0,2017
1,"Jun",0.01,2017
2,"Jun",0.01,2017
3,"Jun",0,2017
4,"Jun",0.01,2017
5,"Jun",0.01,2017
6,"Jun",0.01,2017
7,"Jun",4.3,2017
8,"Jun",0,2017
9,"Jun",1.1,2017
10,"Jun",0.01,2017
11,"Jun",0.01,2017
12,"Jun",37.7,2017
13,"Jun",219.4,2017
14,"Jun",15.6,2017
15,"Jun",14.5,2017
16,"Jun",13.5,2017
17,"Jun",138,2017
18,"Jun",24.2,2017
19,"Jun",32.6,2017
20,"Jun",24.8,2017
21,"Jun",95.9,2017
22,"Jun",0.01,2017
23,"Jun",10.5,2017
24,"Jun",18.3,2017
25,"Jun",4.2,2017
26,"Jun",0.1,2017
27,"Jun",1.3,2017
28,"Jun",0,2017
29,"Jun",0,2017
30,"Jun",0,2017
1,"Jul",7.4,2017
2,"Jul",8.8,2017
3,"Jul",8.4,2017
4,"Jul",32.3,2017
5,"Jul",27.5,2017
6,"Jul",16.3,2017
7,"Jul",35.8,2017
8,"Jul",12.8,2017
9,"Jul",1.2,2017
10,"Jul",0.6,2017
11,"Jul",0,2017
12,"Jul",0.01,2017
13,"Jul",0.01,2017
14,"Jul",2.3,2017
15,"Jul",8.8,2017
16,"Jul",21,2017
17,"Jul",184.6,2017
18,"Jul",134.3,2017
19,"Jul",12.6,2017
20,"Jul",2,2017
21,"Jul",0.2,2017
22,"Jul",3.3,2017
23,"Jul",46.5,2017
24,"Jul",3.3,2017
25,"Jul",0.01,2017
26,"Jul",0,2017
27,"Jul",0.01,2017
28,"Jul",0,2017
29,"Jul",0,2017
30,"Jul",0,2017
31,"Jul",0,2017
1,"Aug",5.9,2017
2,"Aug",14.8,2017
3,"Aug",66.7,2017
4,"Aug",19.3,2017
5,"Aug",0.9,2017
6,"Aug",0,2017
7,"Aug",6.9,2017
8,"Aug",1.9,2017
9,"Aug",14.3,2017
10,"Aug",11.1,2017
11,"Aug",3.5,2017
12,"Aug",0,2017
13,"Aug",0,2017
14,"Aug",0.01,2017
15,"Aug",0.2,2017
16,"Aug",0.01,2017
17,"Aug",0,2017
18,"Aug",0,2017
19,"Aug",0,2017
20,"Aug",0,2017
21,"Aug",0,2017
22,"Aug",2,2017
23,"Aug",67.1,2017
24,"Aug",0.01,2017
25,"Aug",0.1,2017
26,"Aug",6.3,2017
27,"Aug",165.3,2017
28,"Aug",98.3,2017
29,"Aug",0,2017
30,"Aug",0.4,2017
31,"Aug",4.1,2017
1,"Sep",6.5,2017
2,"Sep",1,2017
3,"Sep",23.8,2017
4,"Sep",32.8,2017
5,"Sep",6.4,2017
6,"Sep",0.01,2017
7,"Sep",1.8,2017
8,"Sep",1.1,2017
9,"Sep",25.8,2017
10,"Sep",0.01,2017
11,"Sep",0,2017
12,"Sep",0.6,2017
13,"Sep",0,2017
14,"Sep",0,2017
15,"Sep",0.01,2017
16,"Sep",0,2017
17,"Sep",0,2017
18,"Sep",0,2017
19,"Sep",0,2017
20,"Sep",0.2,2017
21,"Sep",0.01,2017
22,"Sep",17.9,2017
23,"Sep",33.4,2017
24,"Sep",5.6,2017
25,"Sep",0.5,2017
26,"Sep",0,2017
27,"Sep",0,2017
28,"Sep",0,2017
29,"Sep",0.01,2017
30,"Sep",35,2017
1,"Oct",6.6,2017
2,"Oct",3.6,2017
3,"Oct",0,2017
4,"Oct",9.5,2017
5,"Oct",0.01,2017
6,"Oct",0.2,2017
7,"Oct",0,2017
8,"Oct",0,2017
9,"Oct",0.01,2017
10,"Oct",0.01,2017
11,"Oct",0.2,2017
12,"Oct",0,2017
13,"Oct",0,2017
14,"Oct",0.4,2017
15,"Oct",20.7,2017
16,"Oct",17.1,2017
17,"Oct",41.3,2017
18,"Oct",0.01,2017
19,"Oct",0,2017
20,"Oct",0,2017
21,"Oct",0,2017
22,"Oct",0,2017
23,"Oct",0,2017
24,"Oct",0,2017
25,"Oct",0.01,2017
26,"Oct",0,2017
27,"Oct",0,2017
28,"Oct",0,2017
29,"Oct",0,2017
30,"Oct",0.01,2017
31,"Oct",0.01,2017
1,"Nov",0,2017
2,"Nov",0,2017
3,"Nov",0,2017
4,"Nov",0.3,2017
5,"Nov",0.01,2017
6,"Nov",0.01,2017
7,"Nov",0.3,2017
8,"Nov",0.01,2017
9,"Nov",0.01,2017
10,"Nov",0,2017
11,"Nov",0,2017
12,"Nov",14.7,2017
13,"Nov",12.5,2017
14,"Nov",0.2,2017
15,"Nov",0,2017
16,"Nov",0,2017
17,"Nov",0,2017
18,"Nov",1.9,2017
19,"Nov",1,2017
20,"Nov",0,2017
21,"Nov",0,2017
22,"Nov",0,2017
23,"Nov",0,2017
24,"Nov",0,2017
25,"Nov",0,2017
26,"Nov",0,2017
27,"Nov",0.01,2017
28,"Nov",0.01,2017
29,"Nov",0,2017
30,"Nov",0.3,2017
1,"Dec",0.01,2017
2,"Dec",0,2017
3,"Dec",0,2017
4,"Dec",0,2017
5,"Dec",0,2017
6,"Dec",0,2017
7,"Dec",0,2017
8,"Dec",0,2017
9,"Dec",0,2017
10,"Dec",0,2017
11,"Dec",0,2017
12,"Dec",0.01,2017
13,"Dec",0.01,2017
14,"Dec",0.01,2017
15,"Dec",0,2017
16,"Dec",0,2017
17,"Dec",0,2017
18,"Dec",0,2017
19,"Dec",0,2017
20,"Dec",0,2017
21,"Dec",0,2017
22,"Dec",0,2017
23,"Dec",0,2017
24,"Dec",0,2017
25,"Dec",0,2017
26,"Dec",0,2017
27,"Dec",0,2017
28,"Dec",0.01,2017
29,"Dec",0,2017
30,"Dec",0,2017
31,"Dec",0.01,2017
1,"Jan",0,2018
2,"Jan",0,2018
3,"Jan",0,2018
4,"Jan",0.2,2018
5,"Jan",0.2,2018
6,"Jan",3.7,2018
7,"Jan",16.2,2018
8,"Jan",11.6,2018
9,"Jan",9.9,2018
10,"Jan",0.01,2018
11,"Jan",0.01,2018
12,"Jan",0,2018
13,"Jan",0,2018
14,"Jan",0,2018
15,"Jan",0,2018
16,"Jan",0,2018
17,"Jan",0,2018
18,"Jan",0,2018
19,"Jan",0.8,2018
20,"Jan",0.01,2018
21,"Jan",0,2018
22,"Jan",0,2018
23,"Jan",0,2018
24,"Jan",0,2018
25,"Jan",0,2018
26,"Jan",0.01,2018
27,"Jan",0.01,2018
28,"Jan",0,2018
29,"Jan",0.1,2018
30,"Jan",0.2,2018
31,"Jan",19.3,2018
1,"Feb",0,2018
2,"Feb",0.01,2018
3,"Feb",0,2018
4,"Feb",0,2018
5,"Feb",0,2018
6,"Feb",0,2018
7,"Feb",0,2018
8,"Feb",0,2018
9,"Feb",0,2018
10,"Feb",0,2018
11,"Feb",0,2018
12,"Feb",0,2018
13,"Feb",0,2018
14,"Feb",0,2018
15,"Feb",0,2018
16,"Feb",0,2018
17,"Feb",0.01,2018
18,"Feb",0,2018
19,"Feb",0.01,2018
20,"Feb",0.01,2018
21,"Feb",0.01,2018
22,"Feb",2.3,2018
23,"Feb",2,2018
24,"Feb",0.2,2018
25,"Feb",0.01,2018
26,"Feb",0.01,2018
27,"Feb",0,2018
28,"Feb",0.01,2018
1,"Mar",0,2018
2,"Mar",0.01,2018
3,"Mar",0,2018
4,"Mar",0.01,2018
5,"Mar",0,2018
6,"Mar",0.01,2018
7,"Mar",0.01,2018
8,"Mar",20.3,2018
9,"Mar",0,2018
10,"Mar",0,2018
11,"Mar",0,2018
12,"Mar",0,2018
13,"Mar",0,2018
14,"Mar",2.4,2018
15,"Mar",0.01,2018
16,"Mar",0,2018
17,"Mar",0.01,2018
18,"Mar",0.01,2018
19,"Mar",0.01,2018
20,"Mar",0.01,2018
21,"Mar",0,2018
22,"Mar",0,2018
23,"Mar",0,2018
24,"Mar",0.01,2018
25,"Mar",0.01,2018
26,"Mar",0,2018
27,"Mar",0,2018
28,"Mar",0,2018
29,"Mar",0,2018
30,"Mar",0,2018
31,"Mar",0,2018
1,"Apr",0,2018
2,"Apr",0,2018
3,"Apr",0,2018
4,"Apr",0,2018
5,"Apr",0,2018
6,"Apr",0.01,2018
7,"Apr",0.01,2018
8,"Apr",0,2018
9,"Apr",0,2018
10,"Apr",0,2018
11,"Apr",0,2018
12,"Apr",0,2018
13,"Apr",0.01,2018
14,"Apr",0.01,2018
15,"Apr",17.2,2018
16,"Apr",2,2018
17,"Apr",0.2,2018
18,"Apr",0.1,2018
19,"Apr",0,2018
20,"Apr",0.01,2018
21,"Apr",0.01,2018
22,"Apr",0.01,2018
23,"Apr",0.01,2018
24,"Apr",8.2,2018
25,"Apr",0.01,2018
26,"Apr",0.3,2018
27,"Apr",0.01,2018
28,"Apr",0.1,2018
29,"Apr",0.01,2018
30,"Apr",0.01,2018
1,"May",0.01,2018
2,"May",0,2018
3,"May",1.9,2018
4,"May",0.8,2018
5,"May",0.01,2018
6,"May",1,2018
7,"May",6.7,2018
8,"May",28.4,2018
9,"May",5.4,2018
10,"May",8,2018
11,"May",1,2018
12,"May",0,2018
13,"May",0,2018
14,"May",0,2018
15,"May",0,2018
16,"May",0,2018
17,"May",0,2018
18,"May",0,2018
19,"May",0,2018
20,"May",0,2018
21,"May",0,2018
22,"May",0,2018
23,"May",0,2018
24,"May",0,2018
25,"May",0.01,2018
26,"May",0.9,2018
27,"May",3.4,2018
28,"May",0,2018
29,"May",0,2018
30,"May",0,2018
31,"May",0,2018
1,"Jun",0,2018
2,"Jun",0.01,2018
3,"Jun",0.01,2018
4,"Jun",12.4,2018
5,"Jun",28.2,2018
6,"Jun",58.3,2018
7,"Jun",47.4,2018
8,"Jun",70.2,2018
9,"Jun",4.8,2018
10,"Jun",0,2018
11,"Jun",0,2018
12,"Jun",39.6,2018
13,"Jun",109.3,2018
14,"Jun",1.3,2018
15,"Jun",0.2,2018
16,"Jun",0,2018
17,"Jun",0.01,2018
18,"Jun",0.01,2018
19,"Jun",0.01,2018
20,"Jun",0.01,2018
21,"Jun",2.6,2018
22,"Jun",32.9,2018
23,"Jun",25.6,2018
24,"Jun",18.1,2018
25,"Jun",6.2,2018
26,"Jun",1.7,2018
27,"Jun",0.01,2018
28,"Jun",0,2018
29,"Jun",0.01,2018
30,"Jun",0.01,2018
1,"Jul",4.1,2018
2,"Jul",2.1,2018
3,"Jul",15.4,2018
4,"Jul",3.4,2018
5,"Jul",1.5,2018
6,"Jul",5,2018
7,"Jul",5.2,2018
8,"Jul",14.4,2018
9,"Jul",11.3,2018
10,"Jul",1.3,2018
11,"Jul",0,2018
12,"Jul",0.01,2018
13,"Jul",50.4,2018
14,"Jul",52.7,2018
15,"Jul",67.4,2018
16,"Jul",5.8,2018
17,"Jul",6.5,2018
18,"Jul",29.6,2018
19,"Jul",17.3,2018
20,"Jul",7.1,2018
21,"Jul",0,2018
22,"Jul",0.01,2018
23,"Jul",30.8,2018
24,"Jul",0.1,2018
25,"Jul",2.7,2018
26,"Jul",3.4,2018
27,"Jul",0.3,2018
28,"Jul",0,2018
29,"Jul",0,2018
30,"Jul",0,2018
31,"Jul",3.3,2018
1,"Aug",2.7,2018
2,"Aug",6.1,2018
3,"Aug",0.01,2018
4,"Aug",5,2018
5,"Aug",0.5,2018
6,"Aug",0,2018
7,"Aug",0,2018
8,"Aug",0.5,2018
9,"Aug",0.01,2018
10,"Aug",47.9,2018
11,"Aug",51.9,2018
12,"Aug",18.9,2018
13,"Aug",0.1,2018
14,"Aug",32.9,2018
15,"Aug",2.2,2018
16,"Aug",3.2,2018
17,"Aug",36.1,2018
18,"Aug",21.8,2018
19,"Aug",31.2,2018
20,"Aug",61.1,2018
21,"Aug",25.7,2018
22,"Aug",26.4,2018
23,"Aug",24.9,2018
24,"Aug",0.1,2018
25,"Aug",0,2018
26,"Aug",80.2,2018
27,"Aug",27.3,2018
28,"Aug",71.6,2018
29,"Aug",23.3,2018
30,"Aug",6.3,2018
31,"Aug",7.2,2018
1,"Sep",32,2018
2,"Sep",9.8,2018
3,"Sep",0.3,2018
4,"Sep",0,2018
5,"Sep",0.1,2018
6,"Sep",0,2018
7,"Sep",0.01,2018
8,"Sep",24.6,2018
9,"Sep",16.7,2018
10,"Sep",0.2,2018
11,"Sep",0,2018
12,"Sep",0.01,2018
13,"Sep",2.5,2018
14,"Sep",0,2018
15,"Sep",0.01,2018
16,"Sep",167.5,2018
17,"Sep",12,2018
18,"Sep",1.2,2018
19,"Sep",0,2018
20,"Sep",0,2018
21,"Sep",0,2018
22,"Sep",0,2018
23,"Sep",0.01,2018
24,"Sep",72.2,2018
25,"Sep",34.5,2018
26,"Sep",9.7,2018
27,"Sep",0.01,2018
28,"Sep",0,2018
29,"Sep",0,2018
30,"Sep",0,2018
1,"Oct",2.9,2018
2,"Oct",0,2018
3,"Oct",0,2018
4,"Oct",0,2018
5,"Oct",0,2018
6,"Oct",0,2018
7,"Oct",0,2018
8,"Oct",2,2018
9,"Oct",0.6,2018
10,"Oct",42.8,2018
11,"Oct",0,2018
12,"Oct",0.3,2018
13,"Oct",0.4,2018
14,"Oct",0.6,2018
15,"Oct",31.4,2018
16,"Oct",8.9,2018
17,"Oct",1.5,2018
18,"Oct",12.6,2018
19,"Oct",0.2,2018
20,"Oct",0.01,2018
21,"Oct",0.01,2018
22,"Oct",0.01,2018
23,"Oct",0.1,2018
24,"Oct",0.01,2018
25,"Oct",0,2018
26,"Oct",0,2018
27,"Oct",0,2018
28,"Oct",0,2018
29,"Oct",0,2018
30,"Oct",0,2018
31,"Oct",0,2018
1,"Nov",0,2018
2,"Nov",0.1,2018
3,"Nov",8.3,2018
4,"Nov",0.01,2018
5,"Nov",0.01,2018
6,"Nov",0,2018
7,"Nov",0,2018
8,"Nov",0.01,2018
9,"Nov",0,2018
10,"Nov",0.01,2018
11,"Nov",0,2018
12,"Nov",0.01,2018
13,"Nov",0.01,2018
14,"Nov",0.01,2018
15,"Nov",0.01,2018
16,"Nov",1.1,2018
17,"Nov",0.5,2018
18,"Nov",0,2018
19,"Nov",0,2018
20,"Nov",0.1,2018
21,"Nov",2.4,2018
22,"Nov",0.2,2018
23,"Nov",0.01,2018
24,"Nov",0.01,2018
25,"Nov",21,2018
26,"Nov",15.7,2018
27,"Nov",16.3,2018
28,"Nov",7.7,2018
29,"Nov",0.01,2018
30,"Nov",0,2018
1,"Dec",0,2018
2,"Dec",0,2018
3,"Dec",0,2018
4,"Dec",0,2018
5,"Dec",0.01,2018
6,"Dec",0.1,2018
7,"Dec",1,2018
8,"Dec",0,2018
9,"Dec",0.01,2018
10,"Dec",0.2,2018
11,"Dec",0.01,2018
12,"Dec",0,2018
13,"Dec",0,2018
14,"Dec",0,2018
15,"Dec",0,2018
16,"Dec",0.01,2018
17,"Dec",0,2018
18,"Dec",0,2018
19,"Dec",0,2018
20,"Dec",0,2018
21,"Dec",0,2018
22,"Dec",0,2018
23,"Dec",10.5,2018
24,"Dec",0.1,2018
25,"Dec",0,2018
26,"Dec",0,2018
27,"Dec",0.01,2018
28,"Dec",0.01,2018
29,"Dec",0.01,2018
30,"Dec",0.01,2018
31,"Dec",0,2018
1,"Jan",0.01,2019
2,"Jan",0.01,2019
3,"Jan",0.1,2019
4,"Jan",0.1,2019
5,"Jan",0,2019
6,"Jan",0.01,2019
7,"Jan",0,2019
8,"Jan",0.2,2019
9,"Jan",0,2019
10,"Jan",0,2019
11,"Jan",0,2019
12,"Jan",0.01,2019
13,"Jan",0.01,2019
14,"Jan",0.01,2019
15,"Jan",4,2019
16,"Jan",0,2019
17,"Jan",0,2019
18,"Jan",0,2019
19,"Jan",0.2,2019
20,"Jan",0.1,2019
21,"Jan",0,2019
22,"Jan",0,2019
23,"Jan",0,2019
24,"Jan",0,2019
25,"Jan",0,2019
26,"Jan",0,2019
27,"Jan",0,2019
28,"Jan",0,2019
29,"Jan",0,2019
30,"Jan",0,2019
31,"Jan",0,2019
1,"Feb",0,2019
2,"Feb",0.01,2019
3,"Feb",0.01,2019
4,"Feb",0,2019
5,"Feb",0,2019
6,"Feb",0,2019
7,"Feb",0.01,2019
8,"Feb",0.01,2019
9,"Feb",0.8,2019
10,"Feb",0.8,2019
11,"Feb",0.01,2019
12,"Feb",0.2,2019
13,"Feb",0,2019
14,"Feb",0.01,2019
15,"Feb",0.2,2019
16,"Feb",0,2019
17,"Feb",0.1,2019
18,"Feb",18.1,2019
19,"Feb",31,2019
20,"Feb",0.2,2019
21,"Feb",0.01,2019
22,"Feb",1.6,2019
23,"Feb",12.3,2019
24,"Feb",3.4,2019
25,"Feb",0.01,2019
26,"Feb",0.01,2019
27,"Feb",0.01,2019
28,"Feb",0,2019
1,"Mar",0.4,2019
2,"Mar",0.01,2019
3,"Mar",6.3,2019
4,"Mar",10.2,2019
5,"Mar",30.3,2019
6,"Mar",45.5,2019
7,"Mar",29.6,2019
8,"Mar",11.5,2019
9,"Mar",14.5,2019
10,"Mar",4.6,2019
11,"Mar",7.6,2019
12,"Mar",0,2019
13,"Mar",0,2019
14,"Mar",6.4,2019
15,"Mar",0.4,2019
16,"Mar",0,2019
17,"Mar",0,2019
18,"Mar",0,2019
19,"Mar",0,2019
20,"Mar",0,2019
21,"Mar",0,2019
22,"Mar",0.01,2019
23,"Mar",3.3,2019
24,"Mar",0.3,2019
25,"Mar",1,2019
26,"Mar",0,2019
27,"Mar",0.01,2019
28,"Mar",0,2019
29,"Mar",6.9,2019
30,"Mar",0.01,2019
31,"Mar",7.7,2019
1,"Apr",0.01,2019
2,"Apr",0.01,2019
3,"Apr",0.01,2019
4,"Apr",0.01,2019
5,"Apr",0,2019
6,"Apr",0,2019
7,"Apr",0,2019
8,"Apr",0,2019
9,"Apr",0,2019
10,"Apr",0,2019
11,"Apr",0.7,2019
12,"Apr",6.1,2019
13,"Apr",3.8,2019
14,"Apr",10.4,2019
15,"Apr",1.1,2019
16,"Apr",9.2,2019
17,"Apr",0,2019
18,"Apr",6.7,2019
19,"Apr",75.8,2019
20,"Apr",43.6,2019
21,"Apr",0.3,2019
22,"Apr",0,2019
23,"Apr",0,2019
24,"Apr",0,2019
25,"Apr",0,2019
26,"Apr",0.9,2019
27,"Apr",16.6,2019
28,"Apr",3.1,2019
29,"Apr",0,2019
30,"Apr",7.5,2019
1,"May",0.2,2019
2,"May",0.5,2019
3,"May",5.3,2019
4,"May",8.4,2019
5,"May",8.3,2019
6,"May",11.3,2019
7,"May",17,2019
8,"May",25.1,2019
9,"May",10,2019
10,"May",0,2019
11,"May",0,2019
12,"May",0,2019
13,"May",0.01,2019
14,"May",0,2019
15,"May",0.01,2019
16,"May",0.8,2019
17,"May",0.1,2019
18,"May",0.01,2019
19,"May",0,2019
20,"May",9,2019
21,"May",3.3,2019
22,"May",0.7,2019
23,"May",6.5,2019
24,"May",21.5,2019
25,"May",2.4,2019
26,"May",15.1,2019
27,"May",27.8,2019
28,"May",43.9,2019
29,"May",3.2,2019
30,"May",3.2,2019
31,"May",11,2019
1,"Jun",32.6,2019
2,"Jun",3,2019
3,"Jun",34.1,2019
4,"Jun",38.1,2019
5,"Jun",0,2019
6,"Jun",0.01,2019
7,"Jun",0,2019
8,"Jun",1.1,2019
9,"Jun",4.1,2019
10,"Jun",3.3,2019
11,"Jun",111.6,2019
12,"Jun",1.5,2019
13,"Jun",55.8,2019
14,"Jun",16.5,2019
15,"Jun",0.01,2019
16,"Jun",0,2019
17,"Jun",4.7,2019
18,"Jun",11.1,2019
19,"Jun",14,2019
20,"Jun",0.5,2019
21,"Jun",0.7,2019
22,"Jun",0.7,2019
23,"Jun",3.2,2019
24,"Jun",16.8,2019
25,"Jun",35.4,2019
26,"Jun",0.9,2019
27,"Jun",3.5,2019
28,"Jun",2.2,2019
29,"Jun",0.6,2019
30,"Jun",33.1,2019
1,"Jul",15.3,2019
2,"Jul",19.1,2019
3,"Jul",79.1,2019
4,"Jul",13,2019
5,"Jul",1.3,2019
6,"Jul",1.5,2019
7,"Jul",4.3,2019
8,"Jul",0.1,2019
9,"Jul",6,2019
10,"Jul",14.3,2019
11,"Jul",6,2019
12,"Jul",2.6,2019
13,"Jul",0.01,2019
14,"Jul",0.01,2019
15,"Jul",0,2019
16,"Jul",0,2019
17,"Jul",0,2019
18,"Jul",0.01,2019
19,"Jul",22.6,2019
20,"Jul",6.4,2019
21,"Jul",0.1,2019
22,"Jul",0.4,2019
23,"Jul",0.01,2019
24,"Jul",0.01,2019
25,"Jul",1,2019
26,"Jul",0.01,2019
27,"Jul",0,2019
28,"Jul",0.5,2019
29,"Jul",1,2019
30,"Jul",12.8,2019
31,"Jul",121.1,2019
1,"Aug",98.3,2019
2,"Aug",8.2,2019
3,"Aug",28.4,2019
4,"Aug",0.01,2019
5,"Aug",0,2019
6,"Aug",0.01,2019
7,"Aug",0,2019
8,"Aug",0,2019
9,"Aug",0,2019
10,"Aug",0,2019
11,"Aug",1.1,2019
12,"Aug",0.4,2019
13,"Aug",9.2,2019
14,"Aug",54.4,2019
15,"Aug",5.6,2019
16,"Aug",1.1,2019
17,"Aug",42.2,2019
18,"Aug",19,2019
19,"Aug",0.1,2019
20,"Aug",0.01,2019
21,"Aug",0,2019
22,"Aug",0,2019
23,"Aug",0.7,2019
24,"Aug",0,2019
25,"Aug",88.4,2019
26,"Aug",178.3,2019
27,"Aug",2.9,2019
28,"Aug",0,2019
29,"Aug",5.9,2019
30,"Aug",8.5,2019
31,"Aug",43.7,2019
1,"Sep",8.5,2019
2,"Sep",38.4,2019
3,"Sep",12.9,2019
4,"Sep",62.2,2019
5,"Sep",31.8,2019
6,"Sep",0.2,2019
7,"Sep",0.4,2019
8,"Sep",0.4,2019
9,"Sep",0,2019
10,"Sep",0,2019
11,"Sep",0.01,2019
12,"Sep",0,2019
13,"Sep",0.01,2019
14,"Sep",0.01,2019
15,"Sep",11,2019
16,"Sep",4.3,2019
17,"Sep",2.1,2019
18,"Sep",18,2019
19,"Sep",8.7,2019
20,"Sep",0,2019
21,"Sep",0,2019
22,"Sep",0,2019
23,"Sep",0,2019
24,"Sep",0,2019
25,"Sep",0.01,2019
26,"Sep",0,2019
27,"Sep",0.01,2019
28,"Sep",0,2019
29,"Sep",0,2019
30,"Sep",0,2019
1,"Oct",0,2019
2,"Oct",0,2019
3,"Oct",0,2019
4,"Oct",0,2019
5,"Oct",0,2019
6,"Oct",46.8,2019
7,"Oct",17.9,2019
8,"Oct",4.9,2019
9,"Oct",0.01,2019
10,"Oct",0,2019
11,"Oct",0,2019
12,"Oct",0.3,2019
13,"Oct",13.6,2019
14,"Oct",52.1,2019
15,"Oct",10.4,2019
16,"Oct",0,2019
17,"Oct",0,2019
18,"Oct",0.01,2019
19,"Oct",0,2019
20,"Oct",3.5,2019
21,"Oct",0,2019
22,"Oct",0,2019
23,"Oct",0,2019
24,"Oct",0,2019
25,"Oct",0,2019
26,"Oct",0.01,2019
27,"Oct",0.01,2019
28,"Oct",0.01,2019
29,"Oct",0,2019
30,"Oct",0,2019
31,"Oct",0,2019
1,"Nov",0,2019
2,"Nov",0,2019
3,"Nov",0,2019
4,"Nov",0,2019
5,"Nov",0,2019
6,"Nov",0,2019
7,"Nov",0,2019
8,"Nov",0,2019
9,"Nov",0,2019
10,"Nov",0,2019
11,"Nov",0,2019
12,"Nov",0,2019
13,"Nov",0,2019
14,"Nov",0,2019
15,"Nov",0,2019
16,"Nov",0,2019
17,"Nov",0,2019
18,"Nov",0,2019
19,"Nov",0,2019
20,"Nov",0,2019
21,"Nov",0.01,2019
22,"Nov",0,2019
23,"Nov",0,2019
24,"Nov",0,2019
25,"Nov",0,2019
26,"Nov",0.01,2019
27,"Nov",0,2019
28,"Nov",0,2019
29,"Nov",0,2019
30,"Nov",0,2019
1,"Dec",0,2019
2,"Dec",0,2019
3,"Dec",0,2019
4,"Dec",0,2019
5,"Dec",1.4,2019
6,"Dec",0.3,2019
7,"Dec",0,2019
8,"Dec",0,2019
9,"Dec",0,2019
10,"Dec",0,2019
11,"Dec",0,2019
12,"Dec",0,2019
13,"Dec",0,2019
14,"Dec",0,2019
15,"Dec",0,2019
16,"Dec",0,2019
17,"Dec",0,2019
18,"Dec",0,2019
19,"Dec",0.1,2019
20,"Dec",0.7,2019
21,"Dec",1.4,2019
22,"Dec",0,2019
23,"Dec",0,2019
24,"Dec",0,2019
25,"Dec",0,2019
26,"Dec",0,2019
27,"Dec",0,2019
28,"Dec",0.01,2019
29,"Dec",9.3,2019
30,"Dec",0.3,2019
31,"Dec",0.01,2019
1,"Jan",0.01,2020
2,"Jan",0,2020
3,"Jan",0,2020
4,"Jan",0,2020
5,"Jan",0,2020
6,"Jan",0,2020
7,"Jan",0.01,2020
8,"Jan",0,2020
9,"Jan",0,2020
10,"Jan",0,2020
11,"Jan",0,2020
12,"Jan",0,2020
13,"Jan",0,2020
14,"Jan",0,2020
15,"Jan",0.1,2020
16,"Jan",0.01,2020
17,"Jan",0,2020
18,"Jan",0,2020
19,"Jan",0,2020
20,"Jan",0,2020
21,"Jan",0,2020
22,"Jan",0.01,2020
23,"Jan",0,2020
24,"Jan",0.01,2020
25,"Jan",2.1,2020
26,"Jan",12.3,2020
27,"Jan",0.2,2020
28,"Jan",0.1,2020
29,"Jan",0,2020
30,"Jan",0,2020
31,"Jan",0,2020
1,"Feb",0,2020
2,"Feb",0,2020
3,"Feb",0.01,2020
4,"Feb",0.8,2020
5,"Feb",1,2020
6,"Feb",0.01,2020
7,"Feb",0,2020
8,"Feb",0,2020
9,"Feb",0.01,2020
10,"Feb",0,2020
11,"Feb",0.8,2020
12,"Feb",0,2020
13,"Feb",41.6,2020
14,"Feb",9.7,2020
15,"Feb",0.01,2020
16,"Feb",25.5,2020
17,"Feb",0,2020
18,"Feb",0,2020
19,"Feb",0,2020
20,"Feb",0,2020
21,"Feb",0,2020
22,"Feb",0,2020
23,"Feb",0,2020
24,"Feb",0,2020
25,"Feb",0.01,2020
26,"Feb",0,2020
27,"Feb",0.4,2020
28,"Feb",0,2020
29,"Feb",0,2020
1,"Mar",0,2020
2,"Mar",0.01,2020
3,"Mar",0.01,2020
4,"Mar",3.1,2020
5,"Mar",0.4,2020
6,"Mar",0.01,2020
7,"Mar",0.01,2020
8,"Mar",0.01,2020
9,"Mar",0.01,2020
10,"Mar",0.01,2020
11,"Mar",0.01,2020
12,"Mar",0.01,2020
13,"Mar",0,2020
14,"Mar",0.4,2020
15,"Mar",0,2020
16,"Mar",0,2020
17,"Mar",0,2020
18,"Mar",10.7,2020
19,"Mar",0.8,2020
20,"Mar",0.4,2020
21,"Mar",0.2,2020
22,"Mar",0,2020
23,"Mar",0,2020
24,"Mar",0.01,2020
25,"Mar",0.01,2020
26,"Mar",1,2020
27,"Mar",0.01,2020
28,"Mar",9.8,2020
29,"Mar",2.2,2020
30,"Mar",6.5,2020
31,"Mar",5.8,2020
1,"Apr",0.2,2020
2,"Apr",0.4,2020
3,"Apr",0.6,2020
4,"Apr",1.1,2020
5,"Apr",4.6,2020
6,"Apr",21.5,2020
7,"Apr",0.01,2020
8,"Apr",0,2020
9,"Apr",0,2020
10,"Apr",0,2020
11,"Apr",20.5,2020
12,"Apr",0.4,2020
13,"Apr",0,2020
14,"Apr",0,2020
15,"Apr",0,2020
16,"Apr",0,2020
17,"Apr",0,2020
18,"Apr",0.01,2020
19,"Apr",0,2020
20,"Apr",0,2020
21,"Apr",0,2020
22,"Apr",25.8,2020
23,"Apr",1.3,2020
24,"Apr",0.6,2020
25,"Apr",0.1,2020
26,"Apr",0.7,2020
27,"Apr",0,2020
28,"Apr",0,2020
29,"Apr",0,2020
30,"Apr",0,2020
1,"May",0,2020
2,"May",0,2020
3,"May",0,2020
4,"May",0,2020
5,"May",0,2020
6,"May",0,2020
7,"May",0,2020
8,"May",0.1,2020
9,"May",0.1,2020
10,"May",0.8,2020
11,"May",14.8,2020
12,"May",3.6,2020
13,"May",0.3,2020
14,"May",0.1,2020
15,"May",0,2020
16,"May",0,2020
17,"May",0.01,2020
18,"May",46.7,2020
19,"May",0,2020
20,"May",4.3,2020
21,"May",84.6,2020
22,"May",17,2020
23,"May",1.5,2020
24,"May",0.01,2020
25,"May",32.4,2020
26,"May",14.4,2020
27,"May",0.1,2020
28,"May",0.2,2020
29,"May",0.2,2020
30,"May",131.3,2020
31,"May",0.01,2020
1,"Jun",0.01,2020
2,"Jun",6.4,2020
3,"Jun",0.01,2020
4,"Jun",0.01,2020
5,"Jun",2.6,2020
6,"Jun",183.8,2020
7,"Jun",107.4,2020
8,"Jun",40.9,2020
9,"Jun",1.3,2020
10,"Jun",0.2,2020
11,"Jun",0.01,2020
12,"Jun",0,2020
13,"Jun",11.7,2020
14,"Jun",29.3,2020
15,"Jun",0.2,2020
16,"Jun",9.4,2020
17,"Jun",0.9,2020
18,"Jun",0.1,2020
19,"Jun",0.01,2020
20,"Jun",0,2020
21,"Jun",0.01,2020
22,"Jun",0.01,2020
23,"Jun",0,2020
24,"Jun",0,2020
25,"Jun",0.1,2020
26,"Jun",1.3,2020
27,"Jun",1.2,2020
28,"Jun",0.01,2020
29,"Jun",0.4,2020
30,"Jun",0.01,2020
1,"Jul",1.1,2020
2,"Jul",9.3,2020
3,"Jul",29.5,2020
4,"Jul",8.3,2020
5,"Jul",1.3,2020
6,"Jul",4.1,2020
7,"Jul",0.7,2020
8,"Jul",0.6,2020
9,"Jul",0.01,2020
10,"Jul",0,2020
11,"Jul",0,2020
12,"Jul",0,2020
13,"Jul",0,2020
14,"Jul",0,2020
15,"Jul",0,2020
16,"Jul",2.4,2020
17,"Jul",2.5,2020
18,"Jul",2.2,2020
19,"Jul",0,2020
20,"Jul",3.1,2020
21,"Jul",0,2020
22,"Jul",2.5,2020
23,"Jul",0.01,2020
24,"Jul",0,2020
25,"Jul",0,2020
26,"Jul",0.01,2020
27,"Jul",2.3,2020
28,"Jul",3,2020
29,"Jul",2.6,2020
30,"Jul",13.3,2020
31,"Jul",36.6,2020
1,"Aug",28.3,2020
2,"Aug",25.6,2020
3,"Aug",46.9,2020
4,"Aug",4.7,2020
5,"Aug",53.3,2020
6,"Aug",1.7,2020
7,"Aug",0.2,2020
8,"Aug",0,2020
9,"Aug",0,2020
10,"Aug",0,2020
11,"Aug",0.6,2020
12,"Aug",29.4,2020
13,"Aug",16.5,2020
14,"Aug",9.3,2020
15,"Aug",0,2020
16,"Aug",0.01,2020
17,"Aug",16.6,2020
18,"Aug",52.7,2020
19,"Aug",119.5,2020
20,"Aug",0.01,2020
21,"Aug",0,2020
22,"Aug",0,2020
23,"Aug",0,2020
24,"Aug",0,2020
25,"Aug",1.1,2020
26,"Aug",12.3,2020
27,"Aug",3.1,2020
28,"Aug",22.6,2020
29,"Aug",3.2,2020
30,"Aug",0.6,2020
31,"Aug",0.2,2020
1,"Sep",1.1,2020
2,"Sep",0.4,2020
3,"Sep",0.4,2020
4,"Sep",0.1,2020
5,"Sep",43.9,2020
6,"Sep",0,2020
7,"Sep",4.7,2020
8,"Sep",68.9,2020
9,"Sep",0.2,2020
10,"Sep",8.2,2020
11,"Sep",2.7,2020
12,"Sep",27.9,2020
13,"Sep",5.7,2020
14,"Sep",38.2,2020
15,"Sep",62.6,2020
16,"Sep",4.4,2020
17,"Sep",40.6,2020
18,"Sep",15.9,2020
19,"Sep",50.8,2020
20,"Sep",0.7,2020
21,"Sep",176.8,2020
22,"Sep",0.5,2020
23,"Sep",0,2020
24,"Sep",0.6,2020
25,"Sep",0,2020
26,"Sep",0.01,2020
27,"Sep",1.3,2020
28,"Sep",26.2,2020
29,"Sep",21.9,2020
30,"Sep",104.1,2020
1,"Oct",0.1,2020
2,"Oct",0,2020
3,"Oct",0,2020
4,"Oct",0,2020
5,"Oct",106.1,2020
6,"Oct",2.7,2020
7,"Oct",0,2020
8,"Oct",0,2020
9,"Oct",0.01,2020
10,"Oct",0.01,2020
11,"Oct",0,2020
12,"Oct",0.6,2020
13,"Oct",26,2020
14,"Oct",1.2,2020
15,"Oct",0,2020
16,"Oct",0.01,2020
17,"Oct",0.2,2020
18,"Oct",0.7,2020
19,"Oct",0,2020
20,"Oct",0,2020
21,"Oct",0,2020
22,"Oct",0,2020
23,"Oct",0,2020
24,"Oct",0.01,2020
25,"Oct",0,2020
26,"Oct",0,2020
27,"Oct",0,2020
28,"Oct",4.7,2020
29,"Oct",0.1,2020
30,"Oct",0.01,2020
31,"Oct",0,2020
1,"Nov",0,2020
2,"Nov",0,2020
3,"Nov",0.1,2020
4,"Nov",0.4,2020
5,"Nov",0,2020
6,"Nov",0,2020
7,"Nov",0,2020
8,"Nov",0,2020
9,"Nov",0.01,2020
10,"Nov",0,2020
11,"Nov",0,2020
12,"Nov",0,2020
13,"Nov",0.4,2020
14,"Nov",0,2020
15,"Nov",0.01,2020
16,"Nov",0,2020
17,"Nov",0.01,2020
18,"Nov",1,2020
19,"Nov",0.01,2020
20,"Nov",0,2020
21,"Nov",2,2020
22,"Nov",1.1,2020
23,"Nov",0.01,2020
24,"Nov",0,2020
25,"Nov",0,2020
26,"Nov",0,2020
27,"Nov",0,2020
28,"Nov",0,2020
29,"Nov",0,2020
30,"Nov",0.1,2020
1,"Dec",0,2020
2,"Dec",0,2020
3,"Dec",0,2020
4,"Dec",0,2020
5,"Dec",0,2020
6,"Dec",0,2020
7,"Dec",0,2020
8,"Dec",0,2020
9,"Dec",0.01,2020
10,"Dec",0.3,2020
11,"Dec",0.01,2020
12,"Dec",0.01,2020
13,"Dec",0,2020
14,"Dec",0.01,2020
15,"Dec",0.01,2020
16,"Dec",0,2020
17,"Dec",0,2020
18,"Dec",0,2020
19,"Dec",0,2020
20,"Dec",0,2020
21,"Dec",0,2020
22,"Dec",0,2020
23,"Dec",1.2,2020
24,"Dec",0,2020
25,"Dec",0,2020
26,"Dec",0,2020
27,"Dec",0,2020
28,"Dec",0,2020
29,"Dec",0,2020
30,"Dec",0,2020
31,"Dec",0,2020
1,"Jan",0,2021
2,"Jan",0,2021
3,"Jan",0,2021
4,"Jan",0,2021
5,"Jan",0,2021
6,"Jan",0,2021
7,"Jan",0,2021
8,"Jan",0,2021
9,"Jan",0,2021
10,"Jan",0,2021
11,"Jan",0,2021
12,"Jan",0,2021
13,"Jan",0,2021
14,"Jan",0,2021
15,"Jan",0,2021
16,"Jan",0,2021
17,"Jan",0,2021
18,"Jan",0,2021
19,"Jan",0,2021
20,"Jan",0,2021
21,"Jan",0,2021
22,"Jan",0,2021
23,"Jan",0,2021
24,"Jan",0.01,2021
25,"Jan",0,2021
26,"Jan",0,2021
27,"Jan",0,2021
28,"Jan",0,2021
29,"Jan",0,2021
30,"Jan",0,2021
31,"Jan",0,2021
1,"Feb",0,2021
2,"Feb",0,2021
3,"Feb",0,2021
4,"Feb",0,2021
5,"Feb",0,2021
6,"Feb",0,2021
7,"Feb",0,2021
8,"Feb",0,2021
9,"Feb",0.01,2021
10,"Feb",32.2,2021
11,"Feb",0,2021
12,"Feb",0,2021
13,"Feb",0,2021
14,"Feb",0,2021
15,"Feb",0,2021
16,"Feb",0,2021
17,"Feb",0,2021
18,"Feb",0,2021
19,"Feb",0,2021
20,"Feb",0,2021
21,"Feb",0,2021
22,"Feb",0,2021
23,"Feb",0,2021
24,"Feb",0.01,2021
25,"Feb",1.8,2021
26,"Feb",14.7,2021
27,"Feb",13.4,2021
28,"Feb",0.01,2021
1,"Mar",0.01,2021
2,"Mar",0.01,2021
3,"Mar",0.3,2021
4,"Mar",1,2021
5,"Mar",0.01,2021
6,"Mar",1.5,2021
7,"Mar",0.2,2021
8,"Mar",0.3,2021
9,"Mar",0,2021
10,"Mar",0.01,2021
11,"Mar",0,2021
12,"Mar",0,2021
13,"Mar",0.01,2021
14,"Mar",0,2021
15,"Mar",0,2021
16,"Mar",0,2021
17,"Mar",0.01,2021
18,"Mar",0.2,2021
19,"Mar",0.01,2021
20,"Mar",0,2021
21,"Mar",0,2021
22,"Mar",0.01,2021
23,"Mar",0,2021
24,"Mar",0,2021
25,"Mar",0,2021
26,"Mar",0,2021
27,"Mar",0,2021
28,"Mar",0,2021
29,"Mar",0,2021
30,"Mar",0,2021
31,"Mar",0,2021
1,"Apr",0.01,2021
2,"Apr",0,2021
3,"Apr",0,2021
4,"Apr",0.8,2021
5,"Apr",0.7,2021
6,"Apr",0,2021
7,"Apr",0,2021
8,"Apr",0,2021
9,"Apr",7.5,2021
10,"Apr",0,2021
11,"Apr",0,2021
12,"Apr",0,2021
13,"Apr",0,2021
14,"Apr",0.01,2021
15,"Apr",8.3,2021
16,"Apr",1.5,2021
17,"Apr",2.5,2021
18,"Apr",0.01,2021
19,"Apr",0,2021
20,"Apr",0,2021
21,"Apr",0,2021
22,"Apr",0,2021
23,"Apr",0,2021
24,"Apr",0.01,2021
25,"Apr",0.9,2021
26,"Apr",0.3,2021
27,"Apr",5.7,2021
28,"Apr",4.2,2021
29,"Apr",0.1,2021
30,"Apr",0,2021
1,"May",0,2021
2,"May",1.2,2021
3,"May",8.8,2021
4,"May",12.5,2021
5,"May",0.5,2021
6,"May",0.01,2021
7,"May",0,2021
8,"May",0,2021
9,"May",0,2021
10,"May",0,2021
11,"May",0.01,2021
12,"May",0.01,2021
13,"May",3.9,2021
14,"May",0,2021
15,"May",0,2021
16,"May",0.01,2021
17,"May",0,2021
18,"May",1.3,2021
19,"May",0,2021
20,"May",0,2021
21,"May",0.01,2021
22,"May",2.6,2021
23,"May",0.01,2021
24,"May",15.7,2021
25,"May",4.8,2021
26,"May",4,2021
27,"May",1,2021
28,"May",0,2021
29,"May",0,2021
30,"May",0.01,2021
31,"May",8.7,2021
1,"Jun",45.8,2021
2,"Jun",2.4,2021
3,"Jun",0,2021
4,"Jun",7.5,2021
5,"Jun",0.01,2021
6,"Jun",0.01,2021
7,"Jun",0.01,2021
8,"Jun",0.9,2021
9,"Jun",48.6,2021
10,"Jun",29.4,2021
11,"Jun",31.2,2021
12,"Jun",30.3,2021
13,"Jun",2.8,2021
14,"Jun",0.3,2021
15,"Jun",6.2,2021
16,"Jun",0,2021
17,"Jun",9.6,2021
18,"Jun",3.9,2021
19,"Jun",0.01,2021
20,"Jun",0,2021
21,"Jun",1.2,2021
22,"Jun",75.3,2021
23,"Jun",66.4,2021
24,"Jun",20.8,2021
25,"Jun",6.8,2021
26,"Jun",61.3,2021
27,"Jun",5.8,2021
28,"Jun",166.5,2021
29,"Jun",4.6,2021
30,"Jun",0.4,2021
1,"Jul",0.01,2021
2,"Jul",0,2021
3,"Jul",0.01,2021
4,"Jul",0,2021
5,"Jul",2.3,2021
6,"Jul",18.4,2021
7,"Jul",11.7,2021
8,"Jul",1.5,2021
9,"Jul",0,2021
10,"Jul",0,2021
11,"Jul",0.01,2021
12,"Jul",0.1,2021
13,"Jul",0,2021
14,"Jul",1.5,2021
15,"Jul",0,2021
16,"Jul",0.01,2021
17,"Jul",0.2,2021
18,"Jul",42.4,2021
19,"Jul",117.2,2021
20,"Jul",87.8,2021
21,"Jul",28.4,2021
22,"Jul",0,2021
23,"Jul",0,2021
24,"Jul",26.5,2021
25,"Jul",8.9,2021
26,"Jul",0,2021
27,"Jul",0.01,2021
28,"Jul",0.01,2021
29,"Jul",7.8,2021
30,"Jul",7.9,2021
31,"Jul",16.9,2021
1,"Aug",11.6,2021
2,"Aug",0.01,2021
3,"Aug",19.7,2021
4,"Aug",41.9,2021
5,"Aug",28.1,2021
6,"Aug",31,2021
7,"Aug",0,2021
8,"Aug",3.1,2021
9,"Aug",36.3,2021
10,"Aug",17.3,2021
11,"Aug",3,2021
12,"Aug",1,2021
13,"Aug",5.4,2021
14,"Aug",2.2,2021
15,"Aug",5.7,2021
16,"Aug",3.9,2021
17,"Aug",0,2021
18,"Aug",0,2021
19,"Aug",34.6,2021
20,"Aug",0.01,2021
21,"Aug",0,2021
22,"Aug",0,2021
23,"Aug",0.01,2021
24,"Aug",23.7,2021
25,"Aug",1.1,2021
26,"Aug",2.2,2021
27,"Aug",29.3,2021
28,"Aug",22,2021
29,"Aug",13.9,2021
30,"Aug",0.01,2021
31,"Aug",13.5,2021
1,"Sep",5.9,2021
2,"Sep",0,2021
3,"Sep",0.01,2021
4,"Sep",0.9,2021
5,"Sep",0.01,2021
6,"Sep",0,2021
7,"Sep",0.2,2021
8,"Sep",0,2021
9,"Sep",0,2021
10,"Sep",0,2021
11,"Sep",0,2021
12,"Sep",0,2021
13,"Sep",0,2021
14,"Sep",33.8,2021
15,"Sep",0,2021
16,"Sep",0.01,2021
17,"Sep",7.6,2021
18,"Sep",0.2,2021
19,"Sep",21.2,2021
20,"Sep",9.4,2021
21,"Sep",10.2,2021
22,"Sep",0.5,2021
23,"Sep",38.4,2021
24,"Sep",1.2,2021
25,"Sep",0.1,2021
26,"Sep",0,2021
27,"Sep",0,2021
28,"Sep",0,2021
29,"Sep",0,2021
30,"Sep",0,2021
1,"Oct",0.01,2021
2,"Oct",0,2021
3,"Oct",1.9,2021
4,"Oct",0,2021
5,"Oct",0.01,2021
6,"Oct",0.01,2021
7,"Oct",43.9,2021
8,"Oct",329.7,2021
9,"Oct",130.3,2021
10,"Oct",45.1,2021
11,"Oct",0,2021
12,"Oct",0.2,2021
13,"Oct",57.7,2021
14,"Oct",13.3,2021
15,"Oct",4.6,2021
16,"Oct",0.01,2021
17,"Oct",0,2021
18,"Oct",0,2021
19,"Oct",0,2021
20,"Oct",0.1,2021
21,"Oct",0.7,2021
22,"Oct",0.01,2021
23,"Oct",0,2021
24,"Oct",0,2021
25,"Oct",0,2021
26,"Oct",0,2021
27,"Oct",0.01,2021
28,"Oct",0.1,2021
29,"Oct",1.1,2021
30,"Oct",2.4,2021
31,"Oct",0,2021
1,"Nov",0.01,2021
2,"Nov",0.01,2021
3,"Nov",0.01,2021
4,"Nov",0,2021
5,"Nov",0,2021
6,"Nov",0,2021
7,"Nov",0,2021
8,"Nov",2,2021
9,"Nov",0,2021
10,"Nov",0,2021
11,"Nov",0,2021
12,"Nov",0,2021
13,"Nov",0.01,2021
14,"Nov",0,2021
15,"Nov",0,2021
16,"Nov",0,2021
17,"Nov",0,2021
18,"Nov",0,2021
19,"Nov",0.01,2021
20,"Nov",0.3,2021
21,"Nov",0,2021
22,"Nov",3.5,2021
23,"Nov",0.01,2021
24,"Nov",0,2021
25,"Nov",0,2021
26,"Nov",0,2021
27,"Nov",0,2021
28,"Nov",0,2021
29,"Nov",0,2021
30,"Nov",0,2021
1,"Dec",0,2021
2,"Dec",0,2021
3,"Dec",0,2021
4,"Dec",0,2021
5,"Dec",0,2021
6,"Dec",0,2021
7,"Dec",0,2021
8,"Dec",0,2021
9,"Dec",0,2021
10,"Dec",0,2021
11,"Dec",0,2021
12,"Dec",0,2021
13,"Dec",0,2021
14,"Dec",0.01,2021
15,"Dec",0.2,2021
16,"Dec",0.01,2021
17,"Dec",0,2021
18,"Dec",0,2021
19,"Dec",0,2021
20,"Dec",9.4,2021
21,"Dec",2.4,2021
22,"Dec",0.01,2021
23,"Dec",0.8,2021
24,"Dec",1.7,2021
25,"Dec",0.01,2021
26,"Dec",3.5,2021
27,"Dec",1.3,2021
28,"Dec",0.2,2021
29,"Dec",0,2021
30,"Dec",0,2021
31,"Dec",0.01,2021
